age_in_days,asset.name,definition.cve,definition.cwe,definition.id,definition.name,definition.severity,definition.vpr_v2.score,first_observed,id,last_fixed,last_seen,severity,state,vuln_age
99,aaa,CVE-2025-68973,675,287948,RHEL 8 : gnupg2 (RHSA-2026:0728),Medium,4.9,2026-01-17T18:34:32.286Z,037b44b5-7737-5ae7-b7cf-7cdcb69c5595,,2026-04-15T13:06:57.524Z,Medium,ACTIVE,8617982000
71,aaa,CVE-2025-6176,400,298532,RHEL 8 : brotli (RHSA-2026:2389),High,3,2026-02-14T18:38:47.493Z,0698ac74-ed26-5ddd-845b-0305a0c1726c,,2026-04-15T13:06:57.524Z,High,ACTIVE,6198527000
22,aaa,CVE-2025-10158,129,304700,RHEL 8 : rsync (RHSA-2026:6436),Medium,1.2,2026-04-04T18:43:20.906Z,09daf44c-f931-56a8-951b-c05592b7c78e,,2026-04-15T13:06:57.524Z,Medium,ACTIVE,1964653000
106,aaa,"CVE-2025-64720, CVE-2025-65018, CVE-2025-66293","125, 787",282413,RHEL 8 : libpng (RHSA-2026:0241),High,4.3,2026-01-10T18:43:28.275Z,11fdc95d-4cda-58d8-b573-a6492f526864,,2026-04-15T13:06:57.524Z,High,ACTIVE,9222246000
81,aaa,CVE-2025-12084,770,297520,RHEL 8 : python3 (RHSA-2026:1631),Medium,3.2,2026-02-04T13:07:23.052Z,1f8048a6-3522-5b4e-9d69-966bb25cd227,,2026-04-15T13:06:57.524Z,Medium,ACTIVE,7082411000
78,aaa,CVE-2025-14104,125,297811,RHEL 8 : util-linux (RHSA-2026:1852),Medium,3.5,2026-02-07T18:59:28.515Z,1fc29bc1-6f91-5a9f-9f42-11f7b74bf84e,,2026-04-15T13:06:57.524Z,Medium,ACTIVE,6802086000
74,aaa,"CVE-2022-50673, CVE-2025-38403, CVE-2025-40135, CVE-2025-40158, CVE-2025-40170, CVE-2025-40269, CVE-2025-68349, CVE-2026-22998","131, 416, 476, 825, 909",298381,RHEL 8 : kernel (RHSA-2026:2264),Medium,7.3,2026-02-11T13:14:46.194Z,21f72727-9774-5bf1-859e-60199d8e6108,,2026-04-15T13:06:57.524Z,Medium,ACTIVE,6477168000
39,aaa,"CVE-2026-22695, CVE-2026-22801, CVE-2026-25646",125,302775,RHEL 8 : libpng (RHSA-2026:4728),High,6.9,2026-03-18T13:25:34.961Z,24876b65-bb0c-578e-b36a-c7b80b13bc64,,2026-04-15T13:06:57.524Z,High,ACTIVE,3452519000
43,aaa,CVE-2026-25749,120,301940,RHEL 8 : vim (RHSA-2026:4442),Medium,4.3,2026-03-14T18:40:23.158Z,2fe2f6db-c1e0-545f-bb64-c1980c79fb9f,,2026-04-15T13:06:57.524Z,Medium,ACTIVE,3779231000
18,aaa,"CVE-2024-26984, CVE-2025-71238, CVE-2026-23193, CVE-2026-23231","364, 416, 476, 672",305068,RHEL 8 : kernel (RHSA-2026:6571),Medium,6.9,2026-04-08T12:59:40.743Z,3b2f8826-55cd-5221-841b-485571c5946a,,2026-04-15T13:06:57.524Z,Medium,ACTIVE,1639673000
25,aaa,"CVE-2025-38180, CVE-2026-23204, CVE-2026-23209","1285, 825, 911",304306,RHEL 8 : kernel (RHSA-2026:6037),Medium,6.9,2026-04-01T13:21:42.703Z,3c5aaa16-2eec-5ad4-85c0-a31144a8a2b6,,2026-04-15T13:06:57.524Z,Medium,ACTIVE,2243152000
99,aaa,CVE-2025-9230,125,283493,RHEL 8 : openssl (RHSA-2026:0337),High,5.7,2026-01-17T18:34:32.286Z,4a4fe4d1-17fb-5a06-90a0-152afbe2e1bb,,2026-04-15T13:06:57.524Z,High,ACTIVE,8617982000
99,aaa,"CVE-2025-39993, CVE-2025-40240, CVE-2025-68285","416, 476, 825",283490,RHEL 8 : kernel (RHSA-2026:0444),High,4.9,2026-01-17T18:34:32.286Z,53b5179c-6a90-5ad2-9500-8600cdac2634,,2026-04-15T13:06:57.524Z,High,ACTIVE,8617982000
60,aaa,CVE-2025-69419,131,299753,RHEL 8 : openssl (RHSA-2026:3042),High,6.3,2026-02-25T13:19:43.844Z,6058a144-7b19-5b58-83bc-bae899562346,,2026-04-15T13:06:57.524Z,High,ACTIVE,5267270000
95,aaa,"CVE-2023-53552, CVE-2025-38051, CVE-2025-39933, CVE-2025-40096, CVE-2025-68301","415, 787, 825",291335,RHEL 8 : kernel (RHSA-2026:0759),Medium,7.6,2026-01-21T13:28:59.569Z,631d7db5-b9c1-54bb-b1fd-5d6ca2f0592d,,2026-04-15T13:06:57.524Z,Medium,ACTIVE,8290715000
67,aaa,"CVE-2023-53762, CVE-2025-40168, CVE-2025-40304","416, 787, 825",299165,RHEL 8 : kernel (RHSA-2026:2720),Medium,7.6,2026-02-18T13:19:47.314Z,69235d2c-32b5-5f30-8aab-339faf79fceb,,2026-04-15T13:06:57.524Z,Medium,ACTIVE,5872067000
36,aaa,"CVE-2025-15281, CVE-2026-0915",908,302791,RHEL 8 : glibc (RHSA-2026:4772),High,5.7,2026-03-21T18:43:56.337Z,73254d2c-22a0-5111-9bbe-325092e577ca,,2026-04-15T13:06:57.524Z,High,ACTIVE,3174218000
46,aaa,CVE-2025-12801,279,301176,RHEL 8 : nfs-utils (RHSA-2026:3938),Medium,3,2026-03-11T13:27:03.296Z,75baab6f-952c-5e06-aa59-c23b80e4e81f,,2026-04-15T13:06:57.524Z,Medium,ACTIVE,4057231000
88,aaa,"CVE-2023-53673, CVE-2025-40154, CVE-2025-40248, CVE-2025-40277","125, 190, 364, 416",296622,RHEL 8 : kernel (RHSA-2026:1142),Medium,6.9,2026-01-28T12:57:21.931Z,8aa94a4c-0959-51ed-a1d3-e9e016664a00,,2026-04-15T13:06:57.524Z,Medium,ACTIVE,7687812000
22,aaa,CVE-2026-4519,88,304729,RHEL 8 : python3 (RHSA-2026:6473),Low,3.2,2026-04-04T18:43:20.906Z,91e85a1c-69a1-52a1-a8a4-0296814d9044,,2026-04-15T13:06:57.524Z,High,ACTIVE,1964653000
99,aaa,"CVE-2025-58436, CVE-2025-61915","1173, 412",284505,RHEL 8 : cups (RHSA-2026:0596),Medium,4.9,2026-01-17T18:34:32.286Z,93bb9352-3bbc-55cb-a0c1-02580ab0d865,,2026-04-15T13:06:57.524Z,Medium,ACTIVE,8617982000
106,aaa,CVE-2025-68161,,282519,Apache Log4j 2.0-beta9 < 2.25.3 MitM,Medium,2.1,2026-01-10T18:43:28.275Z,95817a33-bd30-51d0-aad2-48ebf18a7069,,2026-04-15T13:06:57.524Z,Medium,ACTIVE,9222246000
22,aaa,CVE-2026-3497,824,304730,RHEL 8 : openssh (RHSA-2026:6461),High,5.5,2026-04-04T18:43:20.906Z,a730c2d4-4eb9-54e6-ba22-7a11fd9bd5f8,,2026-04-15T13:06:57.524Z,High,ACTIVE,1964653000
74,aaa,"CVE-2026-0719, CVE-2026-1761",121,298383,RHEL 8 : libsoup (RHSA-2026:2215),High,3.9,2026-02-11T13:14:46.194Z,b1ab961e-b1c4-596d-a818-4d84e03512ab,,2026-04-15T13:06:57.524Z,High,ACTIVE,6477168000
46,aaa,"CVE-2025-71085, CVE-2026-23001","190, 416",301488,RHEL 8 : kernel (RHSA-2026:3963),Medium,5,2026-03-11T13:27:03.296Z,b4b8276b-e6f7-5e10-94d1-94c1f6b48a99,,2026-04-15T13:06:57.524Z,Medium,ACTIVE,4057231000
81,aaa,"CVE-2022-50865, CVE-2024-26766, CVE-2025-38022, CVE-2025-38024, CVE-2025-38415, CVE-2025-38459, CVE-2025-39760, CVE-2025-40258, CVE-2025-40271, CVE-2025-40322","125, 190, 193, 252, 362, 825, 835",297518,RHEL 8 : kernel (RHSA-2026:1662),Medium,5,2026-02-04T13:07:23.052Z,c6966084-4fb2-5528-8c37-474a2fc08a09,,2026-04-15T13:06:57.524Z,Medium,ACTIVE,7082411000
78,aaa,"CVE-2025-15366, CVE-2025-15367, CVE-2026-0865, CVE-2026-1299","74, 77, 93",298055,RHEL 8 : python3 (RHSA-2026:2128),High,3.5,2026-02-07T18:59:28.515Z,ca999d59-fdd8-5b98-a6d0-bdf9afa5b4ad,,2026-04-15T13:06:57.524Z,High,ACTIVE,6802086000
29,aaa,"CVE-2025-14831, CVE-2025-9820","121, 407",303422,RHEL 8 : gnutls (RHSA-2026:5585),Medium,1.2,2026-03-28T18:44:06.703Z,ce94b48b-9361-5c15-86bd-0d260e395b71,,2026-04-15T13:06:57.524Z,Medium,ACTIVE,2569408000
99,aaa,CVE-2025-14523,444,283529,RHEL 8 : libsoup (RHSA-2026:0421),High,3.5,2026-01-17T18:34:32.286Z,d0137c23-f9b4-5545-98da-2a206a558cbd,,2026-04-15T13:06:57.524Z,High,ACTIVE,8617982000
39,aaa,CVE-2025-61662,,302525,RHEL 8 : grub2 (RHSA-2026:4648),Medium,4.9,2026-03-18T13:25:34.961Z,e0e8c1e6-f85b-50ea-b76e-b7a8c6c64e7c,,2026-04-15T13:06:57.524Z,Medium,ACTIVE,3452519000
29,aaa,CVE-2025-0938,20,303416,RHEL 8 : python3 (RHSA-2026:5588),Medium,3.3,2026-03-28T18:44:06.703Z,e2ef3dcd-a9da-5e89-abe7-d2e75af9ad60,,2026-04-15T13:06:57.524Z,Medium,ACTIVE,2569408000
60,aaa,"CVE-2025-38129, CVE-2025-38248, CVE-2025-40064, CVE-2025-68800, CVE-2026-23074",825,299790,RHEL 8 : kernel (RHSA-2026:3083),Medium,7,2026-02-25T13:19:43.844Z,e2f6ceae-10d9-5a8d-99ab-52bdd84b7520,,2026-04-15T13:06:57.524Z,Medium,ACTIVE,5267270000
92,aaa,CVE-2025-13601,190,294993,RHEL 8 : glib2 (RHSA-2026:0991),Medium,7,2026-01-24T18:49:56.242Z,e6bc033c-ae1f-5792-a432-fb0c9be2e120,,2026-04-15T13:06:57.524Z,Medium,ACTIVE,8012258000
50,aaa,CVE-2026-23097,833,300813,RHEL 8 : kernel (RHSA-2026:3464),Medium,3,2026-03-07T18:40:38.045Z,e9131b9d-f61b-5bf5-bb39-e844dfed0807,,2026-04-15T13:06:57.524Z,Medium,ACTIVE,4384016000
8,aaa,"CVE-2026-4424, CVE-2026-5121",,307380,Oracle Linux 9 : libarchive (ELSA-2026-8510),Critical,6.9,2026-04-18T18:56:31.239Z,f5717cd7-5048-5649-8452-6429451c531e,,2026-04-25T18:45:33.137Z,Critical,ACTIVE,754263000
28,bbb,"CVE-2025-14831, CVE-2025-9820","121, 407",303422,RHEL 8 : gnutls (RHSA-2026:5585),Medium,1.2,2026-03-29T19:04:41.547Z,04a15ad5-aa36-5564-9cd3-01df0ea526b9,,2026-04-26T18:38:02.074Z,Medium,ACTIVE,2481773000
98,bbb,"CVE-2025-39993, CVE-2025-40240, CVE-2025-68285","416, 476, 825",283490,RHEL 8 : kernel (RHSA-2026:0444),High,4.9,2026-01-18T18:57:28.827Z,076e9d79-bbe5-5d80-b3d8-a019830676ab,,2026-04-26T18:38:02.074Z,High,ACTIVE,8530205000
25,bbb,"CVE-2025-38180, CVE-2026-23204, CVE-2026-23209","1285, 825, 911",304306,RHEL 8 : kernel (RHSA-2026:6037),Medium,6.9,2026-04-01T12:59:49.901Z,07fc7913-b5e8-51a2-94a2-bf706e711e1a,,2026-04-26T18:38:02.074Z,Medium,ACTIVE,2244464000
9,bbb,CVE-2026-1519,770,306710,RHEL 8 : bind (RHSA-2026:8352),High,3,2026-04-17T19:26:14.649Z,0b987150-cb93-5acf-87cf-88d4340360d1,,2026-04-26T18:38:02.074Z,High,ACTIVE,838880000
98,bbb,CVE-2025-68973,675,287948,RHEL 8 : gnupg2 (RHSA-2026:0728),Medium,4.9,2026-01-18T18:57:28.827Z,1b6d8fa1-4b50-54f6-85a9-1c1718f24cc0,,2026-04-26T18:38:02.074Z,Medium,ACTIVE,8530205000
98,bbb,CVE-2025-14523,444,283529,RHEL 8 : libsoup (RHSA-2026:0421),High,3.5,2026-01-18T18:57:28.827Z,20362e96-8e08-534e-a4b8-ce05c058e866,,2026-04-26T18:38:02.074Z,High,ACTIVE,8530205000
95,bbb,"CVE-2023-53552, CVE-2025-38051, CVE-2025-39933, CVE-2025-40096, CVE-2025-68301","415, 787, 825",291335,RHEL 8 : kernel (RHSA-2026:0759),Medium,7.6,2026-01-21T13:18:47.367Z,25537970-ad63-5573-8274-f5a8ba1d4920,,2026-04-26T18:38:02.074Z,Medium,ACTIVE,8291327000
42,bbb,CVE-2026-25749,120,301940,RHEL 8 : vim (RHSA-2026:4442),Medium,4.3,2026-03-15T19:07:05.685Z,312b69cf-bcdb-5c33-9021-e77e1c09c8fe,,2026-04-26T18:38:02.074Z,Medium,ACTIVE,3691229000
105,bbb,"CVE-2025-64720, CVE-2025-65018, CVE-2025-66293","125, 787",282413,RHEL 8 : libpng (RHSA-2026:0241),High,4.3,2026-01-11T19:00:43.085Z,3842ccc8-a99f-5a07-9ba6-d28ce64e5bb8,,2026-04-26T18:38:02.074Z,High,ACTIVE,9134811000
81,bbb,"CVE-2022-50865, CVE-2024-26766, CVE-2025-38022, CVE-2025-38024, CVE-2025-38415, CVE-2025-38459, CVE-2025-39760, CVE-2025-40258, CVE-2025-40271, CVE-2025-40322","125, 190, 193, 252, 362, 825, 835",297518,RHEL 8 : kernel (RHSA-2026:1662),Medium,5,2026-02-04T13:35:02.961Z,3bac5af9-01f7-5280-9fd3-f9507d737ab2,,2026-04-26T18:38:02.074Z,Medium,ACTIVE,7080751000
70,bbb,CVE-2025-6176,400,298532,RHEL 8 : brotli (RHSA-2026:2389),High,3,2026-02-15T18:51:28.314Z,3f7eec22-5ad8-5af9-9992-5b5cba3b8c7e,,2026-04-26T18:38:02.074Z,High,ACTIVE,6111366000
60,bbb,CVE-2025-69419,131,299753,RHEL 8 : openssl (RHSA-2026:3042),High,6.3,2026-02-25T13:30:55.062Z,47faaa21-0cee-5daf-9557-4d6823a46dd5,,2026-04-26T18:38:02.074Z,High,ACTIVE,5266599000
98,bbb,CVE-2025-9230,125,283493,RHEL 8 : openssl (RHSA-2026:0337),High,5.7,2026-01-18T18:57:28.827Z,53f83bb2-2ff4-57dc-b51a-7e3755bbbecb,,2026-04-26T18:38:02.074Z,High,ACTIVE,8530205000
98,bbb,"CVE-2025-58436, CVE-2025-61915","1173, 412",284505,RHEL 8 : cups (RHSA-2026:0596),Medium,4.9,2026-01-18T18:57:28.827Z,55cb0031-b542-5447-b48f-e58b3d6a94ae,,2026-04-26T18:38:02.074Z,Medium,ACTIVE,8530205000
46,bbb,"CVE-2025-71085, CVE-2026-23001","190, 416",301488,RHEL 8 : kernel (RHSA-2026:3963),Medium,5,2026-03-11T13:07:25.679Z,5af8fa8f-0482-5c87-90af-d65d33ed940e,,2026-04-26T18:38:02.074Z,Medium,ACTIVE,4058409000
18,bbb,"CVE-2024-26984, CVE-2025-71238, CVE-2026-23193, CVE-2026-23231","364, 416, 476, 672",305068,RHEL 8 : kernel (RHSA-2026:6571),Medium,6.9,2026-04-08T13:30:40.698Z,626a0ece-377b-5963-ac4a-552b41152a31,,2026-04-26T18:38:02.074Z,Medium,ACTIVE,1637814000
21,bbb,CVE-2025-10158,129,304700,RHEL 8 : rsync (RHSA-2026:6436),Medium,1.2,2026-04-05T18:56:05.729Z,6418d63c-97d2-593b-a046-0ac9482f64d7,,2026-04-26T18:38:02.074Z,Medium,ACTIVE,1877488000
21,bbb,CVE-2026-3497,824,304730,RHEL 8 : openssh (RHSA-2026:6461),High,5.5,2026-04-05T18:56:05.729Z,64707dd3-1daa-5528-b1f4-f36adb7177af,,2026-04-26T18:38:02.074Z,High,ACTIVE,1877488000
91,bbb,CVE-2025-13601,190,294993,RHEL 8 : glib2 (RHSA-2026:0991),Medium,7,2026-01-25T18:41:13.367Z,6d4aa265-a05f-54d0-beaf-d79bccbc25a7,,2026-04-26T18:38:02.074Z,Medium,ACTIVE,7926381000
11,bbb,CVE-2026-27135,617,306069,RHEL 8 : nghttp2 (RHSA-2026:7667),High,3,2026-04-15T13:03:32.987Z,7937c00d-626e-5300-89bf-3e05c85fede4,,2026-04-26T18:38:02.074Z,High,ACTIVE,1034641000
74,bbb,"CVE-2022-50673, CVE-2025-38403, CVE-2025-40135, CVE-2025-40158, CVE-2025-40170, CVE-2025-40269, CVE-2025-68349, CVE-2026-22998","131, 416, 476, 825, 909",298381,RHEL 8 : kernel (RHSA-2026:2264),Medium,7.3,2026-02-11T13:37:16.601Z,8575a31b-2d8b-5831-a386-b62d35d8ce3d,,2026-04-26T18:38:02.074Z,Medium,ACTIVE,6475818000
49,bbb,CVE-2025-12801,279,301176,RHEL 8 : nfs-utils (RHSA-2026:3938),Medium,3,2026-03-08T19:05:25.928Z,8c7ee720-b34a-519a-ba90-c534925f0fd4,,2026-04-26T18:38:02.074Z,Medium,ACTIVE,4296128000
35,bbb,"CVE-2026-22695, CVE-2026-22801, CVE-2026-25646",125,302775,RHEL 8 : libpng (RHSA-2026:4728),High,6.9,2026-03-22T18:59:43.682Z,9e1fa7e6-3978-52e4-99eb-63bd8862919f,,2026-04-26T18:38:02.074Z,High,ACTIVE,3086871000
77,bbb,"CVE-2025-15366, CVE-2025-15367, CVE-2026-0865, CVE-2026-1299","74, 77, 93",298055,RHEL 8 : python3 (RHSA-2026:2128),High,3.5,2026-02-08T19:00:45.521Z,a912088b-0c2e-5ed3-9912-e8a1ea54dda5,,2026-04-26T18:38:02.074Z,High,ACTIVE,6715609000
81,bbb,CVE-2025-12084,770,297520,RHEL 8 : python3 (RHSA-2026:1631),Medium,3.2,2026-02-04T13:35:02.961Z,bef66821-e71b-58d6-9144-b3cf146a9cee,,2026-04-26T18:38:02.074Z,Medium,ACTIVE,7080751000
35,bbb,"CVE-2025-15281, CVE-2026-0915",908,302791,RHEL 8 : glibc (RHSA-2026:4772),High,5.7,2026-03-22T18:59:43.682Z,c0dbf378-5b23-5c7c-85ce-58933552ab31,,2026-04-26T18:38:02.074Z,High,ACTIVE,3086871000
88,bbb,"CVE-2023-53673, CVE-2025-40154, CVE-2025-40248, CVE-2025-40277","125, 190, 364, 416",296622,RHEL 8 : kernel (RHSA-2026:1142),Medium,6.9,2026-01-28T13:21:11.045Z,cc6223ad-ac45-53a2-9b81-605e5d5c9399,,2026-04-26T18:38:02.074Z,Medium,ACTIVE,7686383000
67,bbb,"CVE-2023-53762, CVE-2025-40168, CVE-2025-40304","416, 787, 825",299165,RHEL 8 : kernel (RHSA-2026:2720),Medium,7.6,2026-02-18T13:25:51.310Z,cc6a98cf-d384-5046-9f81-f2fc3fd9949f,,2026-04-26T18:38:02.074Z,Medium,ACTIVE,5871703000
60,bbb,"CVE-2025-38129, CVE-2025-38248, CVE-2025-40064, CVE-2025-68800, CVE-2026-23074",825,299790,RHEL 8 : kernel (RHSA-2026:3083),Medium,7,2026-02-25T13:30:55.062Z,d237bbee-0f7a-5abd-a2b1-8d24060339eb,,2026-04-26T18:38:02.074Z,Medium,ACTIVE,5266599000
28,bbb,CVE-2025-0938,20,303416,RHEL 8 : python3 (RHSA-2026:5588),Medium,3.3,2026-03-29T19:04:41.547Z,d42d7c55-3ce4-565b-a936-02deba5a3778,,2026-04-26T18:38:02.074Z,Medium,ACTIVE,2481773000
9,bbb,"CVE-2026-4424, CVE-2026-5121","125, 190",306785,RHEL 8 : libarchive (RHSA-2026:8534),Critical,6.9,2026-04-17T19:26:14.649Z,dc4e66c3-7c26-59ba-8572-ffead95f23fb,,2026-04-26T18:38:02.074Z,Critical,ACTIVE,838880000
21,bbb,CVE-2026-4519,88,304729,RHEL 8 : python3 (RHSA-2026:6473),Low,3.2,2026-04-05T18:56:05.729Z,dd699f3b-1c05-50b1-aa3e-22d2e76b173e,,2026-04-26T18:38:02.074Z,Low,ACTIVE,1877488000
35,bbb,CVE-2025-61662,,302525,RHEL 8 : grub2 (RHSA-2026:4648),Medium,4.9,2026-03-22T18:59:43.682Z,e14b5727-7df1-5146-bbc5-c7ab054dd828,,2026-04-26T18:38:02.074Z,Medium,ACTIVE,3086871000
77,bbb,CVE-2025-14104,125,297811,RHEL 8 : util-linux (RHSA-2026:1852),Medium,3.5,2026-02-08T19:00:45.521Z,e3d28c76-8046-560a-bf02-a5cc84b3486a,,2026-04-26T18:38:02.074Z,Medium,ACTIVE,6715609000
74,bbb,"CVE-2026-0719, CVE-2026-1761",121,298383,RHEL 8 : libsoup (RHSA-2026:2215),High,3.9,2026-02-11T13:37:16.601Z,e60729fc-307f-59fd-83e5-f50af033f763,,2026-04-26T18:38:02.074Z,High,ACTIVE,6475818000
49,bbb,CVE-2026-23097,833,300813,RHEL 8 : kernel (RHSA-2026:3464),Medium,3,2026-03-08T19:05:25.928Z,fb20f71f-c522-59d0-bf1c-817d8d6b6d46,,2026-04-26T18:38:02.074Z,Medium,ACTIVE,4296128000
49,ccc,CVE-2026-23097,833,300813,RHEL 8 : kernel (RHSA-2026:3464),Medium,3,2026-03-08T19:06:47.375Z,03af7a9a-2a37-58e8-8c38-63bc7598d6e9,,2026-03-29T19:06:35.529Z,Medium,ACTIVE,4296047000
60,ccc,"CVE-2025-38129, CVE-2025-38248, CVE-2025-40064, CVE-2025-68800, CVE-2026-23074",825,299790,RHEL 8 : kernel (RHSA-2026:3083),Medium,7,2026-02-25T13:36:52.098Z,04f7b2ce-0c08-574c-8e72-e4fa33b00611,,2026-03-29T19:06:35.529Z,Medium,ACTIVE,5266242000
60,ccc,CVE-2025-69419,131,299753,RHEL 8 : openssl (RHSA-2026:3042),High,6.3,2026-02-25T13:36:52.098Z,0db92677-6fab-527a-b0e7-5e8db424ce00,,2026-03-29T19:06:35.529Z,High,ACTIVE,5266242000
35,ccc,"CVE-2026-22695, CVE-2026-22801, CVE-2026-25646",125,302775,RHEL 8 : libpng (RHSA-2026:4728),High,6.9,2026-03-22T19:03:22.232Z,18c1dbde-9f16-53a9-b3bc-cbf08dee9b3d,,2026-03-29T19:06:35.529Z,High,ACTIVE,3086652000
91,ccc,CVE-2025-13601,190,294993,RHEL 8 : glib2 (RHSA-2026:0991),Medium,7,2026-01-25T18:49:48.542Z,1bf203ab-c437-5017-84b9-26db36a72167,,2026-03-29T19:06:35.529Z,Medium,ACTIVE,7925866000
98,ccc,"CVE-2025-39993, CVE-2025-40240, CVE-2025-68285","416, 476, 825",283490,RHEL 8 : kernel (RHSA-2026:0444),High,4.9,2026-01-18T18:35:34.015Z,1d619336-0759-5b8c-93d1-6051d222240f,,2026-03-29T19:06:35.529Z,High,ACTIVE,8531520000
98,ccc,CVE-2025-9230,125,283493,RHEL 8 : openssl (RHSA-2026:0337),High,5.7,2026-01-18T18:35:34.015Z,1d69d0c9-a891-5de4-ab77-47c4e3f4f4d5,,2026-03-29T19:06:35.529Z,High,ACTIVE,8531520000
98,ccc,"CVE-2025-58436, CVE-2025-61915","1173, 412",284505,RHEL 8 : cups (RHSA-2026:0596),Medium,4.9,2026-01-18T18:35:34.015Z,379da2a4-9724-52ac-b200-ed5e4b64e4aa,,2026-03-29T19:06:35.529Z,Medium,ACTIVE,8531520000
46,ccc,"CVE-2025-71085, CVE-2026-23001","190, 416",301488,RHEL 8 : kernel (RHSA-2026:3963),Medium,5,2026-03-11T13:44:20.303Z,3c548cd5-8f2a-5f08-9bd8-7281aead91f4,,2026-03-29T19:06:35.529Z,Medium,ACTIVE,4056194000
77,ccc,"CVE-2025-15366, CVE-2025-15367, CVE-2026-0865, CVE-2026-1299","74, 77, 93",298055,RHEL 8 : python3 (RHSA-2026:2128),High,3.5,2026-02-08T19:07:20.194Z,3f6ce85e-c2f1-5eef-bdeb-81201e27e8fb,,2026-03-29T19:06:35.529Z,High,ACTIVE,6715214000
35,ccc,CVE-2025-61662,,302525,RHEL 8 : grub2 (RHSA-2026:4648),Medium,4.9,2026-03-22T19:03:22.232Z,511494c2-7c01-51f5-b3d1-9a6924f329eb,,2026-03-29T19:06:35.529Z,Medium,ACTIVE,3086652000
77,ccc,CVE-2025-14104,125,297811,RHEL 8 : util-linux (RHSA-2026:1852),Medium,3.5,2026-02-08T19:07:20.194Z,5dc7361c-5071-583d-95bb-8f9cf4cf3c40,,2026-03-29T19:06:35.529Z,Medium,ACTIVE,6715214000
74,ccc,CVE-2025-6176,400,298532,RHEL 8 : brotli (RHSA-2026:2389),High,3,2026-02-11T14:23:34.039Z,5fa4d1f7-ae6d-51d5-96eb-1a6dcb26e025,,2026-03-29T19:06:35.529Z,High,ACTIVE,6473040000
105,ccc,"CVE-2025-64720, CVE-2025-65018, CVE-2025-66293","125, 787",282413,RHEL 8 : libpng (RHSA-2026:0241),High,4.3,2026-01-11T18:34:30.854Z,6b816dbb-17e9-5fe8-9b6a-5f09121a9a6a,,2026-03-29T19:06:35.529Z,High,ACTIVE,9136383000
98,ccc,CVE-2025-68973,675,287948,RHEL 8 : gnupg2 (RHSA-2026:0728),Medium,4.9,2026-01-18T18:35:34.015Z,7e3f4453-5b6d-523c-8cba-ec83337e70f3,,2026-03-29T19:06:35.529Z,Medium,ACTIVE,8531520000
81,ccc,"CVE-2022-50865, CVE-2024-26766, CVE-2025-38022, CVE-2025-38024, CVE-2025-38415, CVE-2025-38459, CVE-2025-39760, CVE-2025-40258, CVE-2025-40271, CVE-2025-40322","125, 190, 193, 252, 362, 825, 835",297518,RHEL 8 : kernel (RHSA-2026:1662),Medium,5,2026-02-04T14:16:06.653Z,a83b65b9-6ec9-5b88-abc9-232cb14442ad,,2026-03-29T19:06:35.529Z,Medium,ACTIVE,7078288000
74,ccc,"CVE-2026-0719, CVE-2026-1761",121,298383,RHEL 8 : libsoup (RHSA-2026:2215),High,3.9,2026-02-11T14:23:34.039Z,ac0c9ed3-952f-59cf-9784-0d07357d06ed,,2026-03-29T19:06:35.529Z,High,ACTIVE,6473040000
35,ccc,"CVE-2025-15281, CVE-2026-0915",908,302791,RHEL 8 : glibc (RHSA-2026:4772),High,5.7,2026-03-22T19:03:22.232Z,b0f25716-1354-5cd7-a0f5-d67cd0f33d24,,2026-03-29T19:06:35.529Z,High,ACTIVE,3086652000
98,ccc,CVE-2025-14523,444,283529,RHEL 8 : libsoup (RHSA-2026:0421),High,3.5,2026-01-18T18:35:34.015Z,ba00c27b-a774-5888-b9e5-4fd53a4ef8ff,,2026-03-29T19:06:35.529Z,High,ACTIVE,8531520000
95,ccc,"CVE-2023-53552, CVE-2025-38051, CVE-2025-39933, CVE-2025-40096, CVE-2025-68301","415, 787, 825",291335,RHEL 8 : kernel (RHSA-2026:0759),Medium,7.6,2026-01-21T14:04:50.055Z,bd5e496e-477a-5700-9cd6-19c7a7f79f4a,,2026-03-29T19:06:35.529Z,Medium,ACTIVE,8288564000
91,ccc,"CVE-2025-64720, CVE-2025-65018, CVE-2026-21925, CVE-2026-21933, CVE-2026-21945","125, 295, 322, 787, 93",294972,RHEL 8 / 9 : java-17-openjdk (RHSA-2026:0927),Medium,4.3,2026-01-25T18:49:48.542Z,c1b6be20-c049-57c6-b0bc-cd8f8cf489d6,,2026-03-29T19:06:35.529Z,Medium,ACTIVE,7925866000
74,ccc,"CVE-2022-50673, CVE-2025-38403, CVE-2025-40135, CVE-2025-40158, CVE-2025-40170, CVE-2025-40269, CVE-2025-68349, CVE-2026-22998","131, 416, 476, 825, 909",298381,RHEL 8 : kernel (RHSA-2026:2264),Medium,7.3,2026-02-11T14:23:34.039Z,c337ae39-a001-52bc-8e63-0a99e0769417,,2026-03-29T19:06:35.529Z,Medium,ACTIVE,6473040000
88,ccc,"CVE-2023-53673, CVE-2025-40154, CVE-2025-40248, CVE-2025-40277","125, 190, 364, 416",296622,RHEL 8 : kernel (RHSA-2026:1142),Medium,6.9,2026-01-28T14:04:33.627Z,cdb7b534-51b5-5895-974a-283ba9bef3fd,,2026-03-29T19:06:35.529Z,Medium,ACTIVE,7683781000
81,ccc,CVE-2025-12084,770,297520,RHEL 8 : python3 (RHSA-2026:1631),Medium,3.2,2026-02-04T14:16:06.653Z,d3d46e8f-f6ec-540f-b4ae-a95fae4de141,,2026-03-29T19:06:35.529Z,Medium,ACTIVE,7078288000
49,ccc,CVE-2025-12801,279,301176,RHEL 8 : nfs-utils (RHSA-2026:3938),Medium,3,2026-03-08T19:06:47.375Z,d8f1ae77-1e3e-52d5-ac4c-79080b303fb6,,2026-03-29T19:06:35.529Z,Medium,ACTIVE,4296047000
67,ccc,"CVE-2023-53762, CVE-2025-40168, CVE-2025-40304","416, 787, 825",299165,RHEL 8 : kernel (RHSA-2026:2720),Medium,7.6,2026-02-18T14:07:27.087Z,dda9b931-9634-5aa3-870a-50b660171309,,2026-03-29T19:06:35.529Z,Medium,ACTIVE,5869207000
42,ccc,CVE-2026-25749,120,301940,RHEL 8 : vim (RHSA-2026:4442),Medium,4.3,2026-03-15T18:35:13.497Z,fd05953e-fc94-51ba-ae29-66caa23154ff,,2026-03-29T19:06:35.529Z,Medium,ACTIVE,3693141000
78,ddd,"CVE-2025-15366, CVE-2025-15367, CVE-2026-0865, CVE-2026-1299","74, 77, 93",298055,RHEL 8 : python3 (RHSA-2026:2128),High,3.5,2026-02-07T18:40:03.392Z,04f8ebe5-7f94-54a9-bad1-5412a2f89c5b,,2026-04-15T15:11:26.236Z,High,ACTIVE,6803251000
99,ddd,"CVE-2025-58436, CVE-2025-61915","1173, 412",284505,RHEL 8 : cups (RHSA-2026:0596),Medium,4.9,2026-01-17T19:05:00.020Z,094734fd-5fb2-5f65-aff6-21e00c2606b6,,2026-04-15T15:11:26.236Z,Medium,ACTIVE,8616154000
50,ddd,CVE-2026-23097,833,300813,RHEL 8 : kernel (RHSA-2026:3464),Medium,3,2026-03-07T19:08:33.437Z,191e3422-de0e-51b3-a9ff-c8ca658b6fcb,,2026-04-15T15:11:26.236Z,Medium,ACTIVE,4382341000
18,ddd,"CVE-2024-26984, CVE-2025-71238, CVE-2026-23193, CVE-2026-23231","364, 416, 476, 672",305068,RHEL 8 : kernel (RHSA-2026:6571),Medium,6.9,2026-04-08T15:34:05.471Z,21c82312-c223-55c1-9584-0731a9b81fd0,,2026-04-15T15:11:26.236Z,Medium,ACTIVE,1630409000
95,ddd,"CVE-2023-53552, CVE-2025-38051, CVE-2025-39933, CVE-2025-40096, CVE-2025-68301","415, 787, 825",291335,RHEL 8 : kernel (RHSA-2026:0759),Medium,7.6,2026-01-21T15:12:31.021Z,2355e9b2-0cd7-53e9-b750-6f228b9be90d,,2026-04-15T15:11:26.236Z,Medium,ACTIVE,8284503000
29,ddd,"CVE-2025-14831, CVE-2025-9820","121, 407",303422,RHEL 8 : gnutls (RHSA-2026:5585),Medium,1.2,2026-03-28T18:57:33.609Z,274cd321-9e9c-5735-9149-a852c51a85bd,,2026-04-15T15:11:26.236Z,Medium,ACTIVE,2568601000
46,ddd,CVE-2025-12801,279,301176,RHEL 8 : nfs-utils (RHSA-2026:3938),Medium,3,2026-03-11T15:05:06.645Z,2b157a34-5b22-50d8-a4e8-8553414eaf2c,,2026-04-15T15:11:26.236Z,Medium,ACTIVE,4051348000
92,ddd,CVE-2025-13601,190,294993,RHEL 8 : glib2 (RHSA-2026:0991),Medium,7,2026-01-24T18:58:05.808Z,38e20e49-bc40-55dd-bc76-389f69b246ae,,2026-04-15T15:11:26.236Z,Medium,ACTIVE,8011768000
22,ddd,CVE-2025-10158,129,304700,RHEL 8 : rsync (RHSA-2026:6436),Medium,1.2,2026-04-04T19:01:08.473Z,40e71522-d198-5f62-a5a6-873b1faa2a53,,2026-04-15T15:11:26.236Z,Medium,ACTIVE,1963586000
67,ddd,"CVE-2023-53762, CVE-2025-40168, CVE-2025-40304","416, 787, 825",299165,RHEL 8 : kernel (RHSA-2026:2720),Medium,7.6,2026-02-18T15:18:09.187Z,54be3b5b-f958-5d29-a26e-35731b6cdf6a,,2026-04-15T15:11:26.236Z,Medium,ACTIVE,5864965000
46,ddd,"CVE-2025-71085, CVE-2026-23001","190, 416",301488,RHEL 8 : kernel (RHSA-2026:3963),Medium,5,2026-03-11T15:05:06.645Z,57b4012b-2ba1-559c-aa9a-8485abc714a8,,2026-04-15T15:11:26.236Z,Medium,ACTIVE,4051348000
36,ddd,"CVE-2025-15281, CVE-2026-0915",908,302791,RHEL 8 : glibc (RHSA-2026:4772),High,5.7,2026-03-21T18:48:02.695Z,5c3e89f2-dd36-561f-95cb-5c377f324ce8,,2026-04-15T15:11:26.236Z,High,ACTIVE,3173972000
81,ddd,CVE-2025-12084,770,297520,RHEL 8 : python3 (RHSA-2026:1631),Medium,3.2,2026-02-04T15:35:02.099Z,5c8d0b1d-9dab-5466-a213-ad7ca3aab51d,,2026-04-15T15:11:26.236Z,Medium,ACTIVE,7073552000
106,ddd,CVE-2025-68161,,282519,Apache Log4j 2.0-beta9 < 2.25.3 MitM,Medium,2.1,2026-01-10T18:56:32.090Z,6ad24dce-98fa-5372-8392-a0cf6db523b9,,2026-04-15T15:11:26.236Z,Medium,ACTIVE,9221462000
22,ddd,CVE-2026-3497,824,304730,RHEL 8 : openssh (RHSA-2026:6461),High,5.5,2026-04-04T19:01:08.473Z,6ea22732-14fa-52f7-9cd9-c2065519ec39,,2026-04-15T15:11:26.236Z,High,ACTIVE,1963586000
29,ddd,CVE-2025-0938,20,303416,RHEL 8 : python3 (RHSA-2026:5588),Medium,3.3,2026-03-28T18:57:33.609Z,72f204cc-0fd2-50b2-bd68-a966b06e74b6,,2026-04-15T15:11:26.236Z,Medium,ACTIVE,2568601000
60,ddd,CVE-2025-69419,131,299753,RHEL 8 : openssl (RHSA-2026:3042),High,6.3,2026-02-25T14:54:40.111Z,73a01c42-0a06-59ae-9633-3ae48143c3ed,,2026-04-15T15:11:26.236Z,High,ACTIVE,5261574000
71,ddd,CVE-2025-6176,400,298532,RHEL 8 : brotli (RHSA-2026:2389),High,3,2026-02-14T18:53:03.162Z,74909ba8-cebc-54a1-b76a-9fceb35cb613,,2026-04-15T15:11:26.236Z,High,ACTIVE,6197671000
99,ddd,CVE-2025-68973,675,287948,RHEL 8 : gnupg2 (RHSA-2026:0728),Medium,4.9,2026-01-17T19:05:00.020Z,816f9f6f-7a9b-59e6-9f87-bbc6a14b4640,,2026-04-15T15:11:26.236Z,Medium,ACTIVE,8616154000
81,ddd,"CVE-2022-50865, CVE-2024-26766, CVE-2025-38022, CVE-2025-38024, CVE-2025-38415, CVE-2025-38459, CVE-2025-39760, CVE-2025-40258, CVE-2025-40271, CVE-2025-40322","125, 190, 193, 252, 362, 825, 835",297518,RHEL 8 : kernel (RHSA-2026:1662),Medium,5,2026-02-04T15:35:02.099Z,87ac788b-06cd-50fc-a55b-65e3b1cd7255,,2026-04-15T15:11:26.236Z,Medium,ACTIVE,7073552000
99,ddd,CVE-2025-9230,125,283493,RHEL 8 : openssl (RHSA-2026:0337),High,5.7,2026-01-17T19:05:00.020Z,8959ca3b-ba59-5660-8b60-26497eb25803,,2026-04-15T15:11:26.236Z,High,ACTIVE,8616154000
60,ddd,"CVE-2025-38129, CVE-2025-38248, CVE-2025-40064, CVE-2025-68800, CVE-2026-23074",825,299790,RHEL 8 : kernel (RHSA-2026:3083),Medium,7,2026-02-25T14:54:40.111Z,99c0bf32-ee34-54c9-a849-ddc287a3793f,,2026-04-15T15:11:26.236Z,Medium,ACTIVE,5261574000
43,ddd,CVE-2026-25749,120,301940,RHEL 8 : vim (RHSA-2026:4442),Medium,4.3,2026-03-14T18:43:08.925Z,a18063c2-b47b-5796-814d-1f119f290754,,2026-04-15T15:11:26.236Z,Medium,ACTIVE,3779065000
39,ddd,"CVE-2026-22695, CVE-2026-22801, CVE-2026-25646",125,302775,RHEL 8 : libpng (RHSA-2026:4728),High,6.9,2026-03-18T15:08:33.936Z,aaa44d4e-5a5e-55a0-95f5-30f7f55255b6,,2026-04-15T15:11:26.236Z,High,ACTIVE,3446340000
88,ddd,"CVE-2023-53673, CVE-2025-40154, CVE-2025-40248, CVE-2025-40277","125, 190, 364, 416",296622,RHEL 8 : kernel (RHSA-2026:1142),Medium,6.9,2026-01-28T15:19:50.680Z,ab9fb227-0560-5f36-8895-fcab85614b41,,2026-04-15T15:11:26.236Z,Medium,ACTIVE,7679264000
22,ddd,CVE-2026-4519,88,304729,RHEL 8 : python3 (RHSA-2026:6473),Low,3.2,2026-04-04T19:01:08.473Z,b9e65154-1fe5-5f94-89a8-d33edaefa9c9,,2026-04-15T15:11:26.236Z,High,ACTIVE,1963586000
74,ddd,"CVE-2022-50673, CVE-2025-38403, CVE-2025-40135, CVE-2025-40158, CVE-2025-40170, CVE-2025-40269, CVE-2025-68349, CVE-2026-22998","131, 416, 476, 825, 909",298381,RHEL 8 : kernel (RHSA-2026:2264),Medium,7.3,2026-02-11T15:42:19.616Z,bc397593-eb18-57ec-97b0-c4cc2d1a7bd8,,2026-04-15T15:11:26.236Z,Medium,ACTIVE,6468315000
78,ddd,CVE-2025-14104,125,297811,RHEL 8 : util-linux (RHSA-2026:1852),Medium,3.5,2026-02-07T18:40:03.392Z,c5ad324a-51d1-5858-8def-94640331d98b,,2026-04-15T15:11:26.236Z,Medium,ACTIVE,6803251000
25,ddd,"CVE-2025-38180, CVE-2026-23204, CVE-2026-23209","1285, 825, 911",304306,RHEL 8 : kernel (RHSA-2026:6037),Medium,6.9,2026-04-01T15:22:33.895Z,c79556dc-be58-500a-895c-9003ac426f8c,,2026-04-15T15:11:26.236Z,Medium,ACTIVE,2235900000
99,ddd,CVE-2025-14523,444,283529,RHEL 8 : libsoup (RHSA-2026:0421),High,3.5,2026-01-17T19:05:00.020Z,dd286587-8faa-5e90-9460-9027a979ac7f,,2026-04-15T15:11:26.236Z,High,ACTIVE,8616154000
39,ddd,CVE-2025-61662,,302525,RHEL 8 : grub2 (RHSA-2026:4648),Medium,4.9,2026-03-18T15:08:33.936Z,dd498abc-305a-596c-aead-cb1505240f0f,,2026-04-15T15:11:26.236Z,Medium,ACTIVE,3446340000
74,ddd,"CVE-2026-0719, CVE-2026-1761",121,298383,RHEL 8 : libsoup (RHSA-2026:2215),High,3.9,2026-02-11T15:42:19.616Z,e7816591-d230-52ea-835f-f7605517df79,,2026-04-15T15:11:26.236Z,High,ACTIVE,6468315000
106,ddd,"CVE-2025-64720, CVE-2025-65018, CVE-2025-66293","125, 787",282413,RHEL 8 : libpng (RHSA-2026:0241),High,4.3,2026-01-10T18:56:32.090Z,f91aa9cd-d0aa-5025-be1e-c390418e1adc,,2026-04-15T15:11:26.236Z,High,ACTIVE,9221462000
99,ddd,"CVE-2025-39993, CVE-2025-40240, CVE-2025-68285","416, 476, 825",283490,RHEL 8 : kernel (RHSA-2026:0444),High,4.9,2026-01-17T19:05:00.020Z,fab631d7-3d4a-58b7-ab6e-4b289806d63f,,2026-04-15T15:11:26.236Z,High,ACTIVE,8616154000
46,eee,"CVE-2025-71085, CVE-2026-23001","190, 416",301488,RHEL 8 : kernel (RHSA-2026:3963),Medium,5,2026-03-11T13:48:42.537Z,04b2afab-960b-566a-b0de-3921a2b07b2e,,2026-04-25T18:57:02.430Z,Medium,ACTIVE,4055932000
25,eee,"CVE-2025-38180, CVE-2026-23204, CVE-2026-23209","1285, 825, 911",304306,RHEL 8 : kernel (RHSA-2026:6037),Medium,6.9,2026-04-01T13:33:16.197Z,076f8b25-3e41-5459-b538-6684a2b2c7fa,,2026-04-25T18:57:02.430Z,Medium,ACTIVE,2242458000
50,eee,CVE-2025-12801,279,301176,RHEL 8 : nfs-utils (RHSA-2026:3938),Medium,3,2026-03-07T19:03:29.341Z,08f1814d-4f18-5cd1-bc9c-2915505772b3,,2026-04-25T18:57:02.430Z,Medium,ACTIVE,4382645000
39,eee,"CVE-2026-22695, CVE-2026-22801, CVE-2026-25646",125,302775,RHEL 8 : libpng (RHSA-2026:4728),High,6.9,2026-03-18T13:42:56.287Z,08f45187-e847-5156-82c2-6a864ba24841,,2026-04-25T18:57:02.430Z,High,ACTIVE,3451478000
60,eee,CVE-2025-69419,131,299753,RHEL 8 : openssl (RHSA-2026:3042),High,6.3,2026-02-25T13:49:46.937Z,0a9c3e99-af7d-573e-a6d7-15a6f62cc2f3,,2026-04-25T18:57:02.430Z,High,ACTIVE,5265467000
9,eee,"CVE-2026-4424, CVE-2026-5121","125, 190",306785,RHEL 8 : libarchive (RHSA-2026:8534),Critical,6.9,2026-04-17T20:28:50.253Z,167dad70-5716-59d6-9a4d-2e375c50dcd0,,2026-04-25T18:57:02.430Z,Critical,ACTIVE,835124000
60,eee,"CVE-2025-38129, CVE-2025-38248, CVE-2025-40064, CVE-2025-68800, CVE-2026-23074",825,299790,RHEL 8 : kernel (RHSA-2026:3083),Medium,7,2026-02-25T13:49:46.937Z,1a5a0eef-0567-5f6a-951d-934eaa3dd171,,2026-04-25T18:57:02.430Z,Medium,ACTIVE,5265467000
92,eee,CVE-2025-13601,190,294993,RHEL 8 : glib2 (RHSA-2026:0991),Medium,7,2026-01-24T18:42:45.950Z,2341afff-3488-5a03-ae17-aa358584badc,,2026-04-25T18:57:02.430Z,Medium,ACTIVE,8012688000
99,eee,"CVE-2025-58436, CVE-2025-61915","1173, 412",284505,RHEL 8 : cups (RHSA-2026:0596),Medium,4.9,2026-01-17T19:01:34.514Z,32f0dc1b-1264-50fc-85c7-35dd09839c68,,2026-04-25T18:57:02.430Z,Medium,ACTIVE,8616360000
78,eee,CVE-2025-14104,125,297811,RHEL 8 : util-linux (RHSA-2026:1852),Medium,3.5,2026-02-07T18:48:58.457Z,342a234f-569a-5080-983d-ce0bd4af0c12,,2026-04-25T18:57:02.430Z,Medium,ACTIVE,6802716000
22,eee,CVE-2026-3497,824,304730,RHEL 8 : openssh (RHSA-2026:6461),High,5.5,2026-04-04T18:49:24.560Z,4abf6cd4-6ff7-5e08-9d0f-e28a1a08535f,,2026-04-25T18:57:02.430Z,High,ACTIVE,1964290000
74,eee,CVE-2025-6176,400,298532,RHEL 8 : brotli (RHSA-2026:2389),High,3,2026-02-11T14:01:51.312Z,4bbc5b77-edf0-525f-9851-a811d30b59b9,,2026-04-25T18:57:02.430Z,High,ACTIVE,6474343000
99,eee,"CVE-2025-39993, CVE-2025-40240, CVE-2025-68285","416, 476, 825",283490,RHEL 8 : kernel (RHSA-2026:0444),High,4.9,2026-01-17T19:01:34.514Z,4eb49cb9-972b-5e9c-99d3-13806a6d82f8,,2026-04-25T18:57:02.430Z,High,ACTIVE,8616360000
22,eee,CVE-2025-10158,129,304700,RHEL 8 : rsync (RHSA-2026:6436),Medium,1.2,2026-04-04T18:49:24.560Z,5672e47b-ed35-59d5-8d9c-a4be7d0b80fc,,2026-04-25T18:57:02.430Z,Medium,ACTIVE,1964290000
88,eee,"CVE-2023-53673, CVE-2025-40154, CVE-2025-40248, CVE-2025-40277","125, 190, 364, 416",296622,RHEL 8 : kernel (RHSA-2026:1142),Medium,6.9,2026-01-28T13:58:15.970Z,5d31c69d-ca62-5caf-af3a-177c984df521,,2026-04-25T18:57:02.430Z,Medium,ACTIVE,7684158000
43,eee,CVE-2026-25749,120,301940,RHEL 8 : vim (RHSA-2026:4442),Medium,4.3,2026-03-14T19:04:04.558Z,67d41556-2eee-5bcd-9762-70d0328c1a8a,,2026-04-25T18:57:02.430Z,Medium,ACTIVE,3777810000
67,eee,"CVE-2023-53762, CVE-2025-40168, CVE-2025-40304","416, 787, 825",299165,RHEL 8 : kernel (RHSA-2026:2720),Medium,7.6,2026-02-18T13:51:59.101Z,7a4fcca1-ca80-5bd6-8849-9b3c507506a0,,2026-04-25T18:57:02.430Z,Medium,ACTIVE,5870135000
9,eee,CVE-2026-1519,770,306710,RHEL 8 : bind (RHSA-2026:8352),High,3,2026-04-17T20:28:50.253Z,7e0d6be9-bbe5-5c7d-8a12-680c2981602c,,2026-04-25T18:57:02.430Z,High,ACTIVE,835124000
18,eee,"CVE-2024-26984, CVE-2025-71238, CVE-2026-23193, CVE-2026-23231","364, 416, 476, 672",305068,RHEL 8 : kernel (RHSA-2026:6571),Medium,6.9,2026-04-08T14:06:02.641Z,80bf1f40-9ddf-56b4-9e72-ab28724105c1,,2026-04-25T18:57:02.430Z,Medium,ACTIVE,1635692000
95,eee,CVE-2025-68973,675,287948,RHEL 8 : gnupg2 (RHSA-2026:0728),Medium,4.9,2026-01-21T13:56:35.718Z,8ffe424a-ab9f-594d-a624-e35ddc273c84,,2026-04-25T18:57:02.430Z,Medium,ACTIVE,8289059000
106,eee,"CVE-2025-64720, CVE-2025-65018, CVE-2025-66293","125, 787",282413,RHEL 8 : libpng (RHSA-2026:0241),High,4.3,2026-01-10T19:03:38.712Z,99b15549-0b1d-53c0-8d39-f0c16deee98c,,2026-04-25T18:57:02.430Z,High,ACTIVE,9221036000
81,eee,CVE-2025-12084,770,297520,RHEL 8 : python3 (RHSA-2026:1631),Medium,3.2,2026-02-04T14:03:34.468Z,a3f64416-f62e-5cca-b13f-a26800a121f5,,2026-04-25T18:57:02.430Z,Medium,ACTIVE,7079040000
50,eee,CVE-2026-23097,833,300813,RHEL 8 : kernel (RHSA-2026:3464),Medium,3,2026-03-07T19:03:29.341Z,a7d00371-2405-545b-83e5-fa09e219718b,,2026-04-25T18:57:02.430Z,Medium,ACTIVE,4382645000
32,eee,"CVE-2025-14831, CVE-2025-9820","121, 407",303422,RHEL 8 : gnutls (RHSA-2026:5585),Medium,1.2,2026-03-25T14:18:14.680Z,ad70f004-5554-56e3-8d99-a18bb911a58f,,2026-04-25T18:57:02.430Z,Medium,ACTIVE,2844560000
78,eee,"CVE-2025-15366, CVE-2025-15367, CVE-2026-0865, CVE-2026-1299","74, 77, 93",298055,RHEL 8 : python3 (RHSA-2026:2128),High,3.5,2026-02-07T18:48:58.457Z,b68bc63b-f0e1-53d5-a81c-54483e9c960a,,2026-04-25T18:57:02.430Z,High,ACTIVE,6802716000
99,eee,CVE-2025-9230,125,283493,RHEL 8 : openssl (RHSA-2026:0337),High,5.7,2026-01-17T19:01:34.514Z,bb7730d1-1539-5b79-ba93-100f106efc0d,,2026-04-25T18:57:02.430Z,High,ACTIVE,8616360000
22,eee,CVE-2026-4519,88,304729,RHEL 8 : python3 (RHSA-2026:6473),Low,3.2,2026-04-04T18:49:24.560Z,ce656a2d-f1e7-5fae-99ea-3742330c053e,,2026-04-25T18:57:02.430Z,Low,ACTIVE,1964290000
39,eee,"CVE-2025-15281, CVE-2026-0915",908,302791,RHEL 8 : glibc (RHSA-2026:4772),High,5.7,2026-03-18T13:42:56.287Z,d538ccb5-83cb-5b75-b12f-c5dcb0a1276a,,2026-04-25T18:57:02.430Z,High,ACTIVE,3451478000
11,eee,CVE-2026-27135,617,306069,RHEL 8 : nghttp2 (RHSA-2026:7667),High,3,2026-04-15T14:02:49.598Z,e1c2cbb0-29c2-5e57-98c0-c5de057d64be,,2026-04-25T18:57:02.430Z,High,ACTIVE,1031085000
74,eee,"CVE-2022-50673, CVE-2025-38403, CVE-2025-40135, CVE-2025-40158, CVE-2025-40170, CVE-2025-40269, CVE-2025-68349, CVE-2026-22998","131, 416, 476, 825, 909",298381,RHEL 8 : kernel (RHSA-2026:2264),Medium,7.3,2026-02-11T14:01:51.312Z,e9928665-c342-5a37-8988-4a429cc8048c,,2026-04-25T18:57:02.430Z,Medium,ACTIVE,6474343000
95,eee,"CVE-2023-53552, CVE-2025-38051, CVE-2025-39933, CVE-2025-40096, CVE-2025-68301","415, 787, 825",291335,RHEL 8 : kernel (RHSA-2026:0759),Medium,7.6,2026-01-21T13:56:35.718Z,ea2c1d04-5f97-58a7-bf81-9eb6a9d9f24f,,2026-04-25T18:57:02.430Z,Medium,ACTIVE,8289059000
39,eee,CVE-2025-61662,,302525,RHEL 8 : grub2 (RHSA-2026:4648),Medium,4.9,2026-03-18T13:42:56.287Z,ee19d3e5-7b1b-5b4d-8b0a-81ca9d16d661,,2026-04-25T18:57:02.430Z,Medium,ACTIVE,3451478000
74,eee,"CVE-2026-0719, CVE-2026-1761",121,298383,RHEL 8 : libsoup (RHSA-2026:2215),High,3.9,2026-02-11T14:01:51.312Z,ef38cc1b-fa01-5d1d-82b1-029dbb5332bc,,2026-04-25T18:57:02.430Z,High,ACTIVE,6474343000
99,eee,CVE-2025-14523,444,283529,RHEL 8 : libsoup (RHSA-2026:0421),High,3.5,2026-01-17T19:01:34.514Z,f7695ed6-9519-5fce-b30d-0f715b62f957,,2026-04-25T18:57:02.430Z,High,ACTIVE,8616360000
32,eee,CVE-2025-0938,20,303416,RHEL 8 : python3 (RHSA-2026:5588),Medium,3.3,2026-03-25T14:18:14.680Z,f82bb540-c9bf-529f-8433-abc57e82c52d,,2026-04-25T18:57:02.430Z,Medium,ACTIVE,2844560000
81,eee,"CVE-2022-50865, CVE-2024-26766, CVE-2025-38022, CVE-2025-38024, CVE-2025-38415, CVE-2025-38459, CVE-2025-39760, CVE-2025-40258, CVE-2025-40271, CVE-2025-40322","125, 190, 193, 252, 362, 825, 835",297518,RHEL 8 : kernel (RHSA-2026:1662),Medium,5,2026-02-04T14:03:34.468Z,fb99269b-7782-5197-af85-277bdaf6fcc8,,2026-04-25T18:57:02.430Z,Medium,ACTIVE,7079040000
9,fff,CVE-2026-1519,,306505,Oracle Linux 9 : bind (ELSA-2026-8075),High,3,2026-04-17T20:42:11.483Z,17668c20-d72f-5539-b559-25f6efe5d184,,2026-04-26T18:58:55.744Z,High,ACTIVE,834323000
49,fff,CVE-2025-12801,,301331,Oracle Linux 9 : nfs-utils (ELSA-2026-3940),Medium,3,2026-03-08T19:04:52.689Z,27916340-66bf-57c3-be76-f213547ec254,,2026-04-26T18:58:55.744Z,Medium,ACTIVE,4296162000
42,fff,"CVE-2025-15366, CVE-2025-15367, CVE-2026-1299",,301733,Oracle Linux 9 : python3.9 (ELSA-2026-4168),High,3.5,2026-03-15T18:47:49.384Z,2984c1da-e1ab-5dda-9d48-487eb0b48ed4,,2026-04-26T18:58:55.744Z,High,ACTIVE,3692385000
42,fff,CVE-2025-69419,,302058,Oracle Linux 9 : compat-openssl11 (ELSA-2026-4472),High,6.3,2026-03-15T18:47:49.384Z,29f8d2ae-ed1c-567d-8cd6-ba56b1a704cc,,2026-04-26T18:58:55.744Z,High,ACTIVE,3692385000
42,fff,CVE-2026-21991,,302228,Oracle Linux 8 / 9 : dtrace (ELSA-2026-50152),Medium,3,2026-03-15T18:47:49.384Z,2a32ca05-a8f6-5062-ab1b-f3dab5d372be,,2026-04-26T18:58:55.744Z,Medium,ACTIVE,3692385000
11,fff,CVE-2026-27135,,306166,Oracle Linux 9 : nghttp2 (ELSA-2026-7668),High,3,2026-04-15T14:29:35.874Z,354b222f-9faf-5ada-95d7-cc915c5d2dca,,2026-04-26T18:58:55.744Z,High,ACTIVE,1029478000
7,fff,CVE-2026-4631,,307039,Oracle Linux 9 : cockpit: / Unauthenticated / remote / code / execution / due / to / SSH / command-line / argument / injection / (CRITICAL) (ELSA-2026-7384),Critical,6.9,2026-04-19T19:05:27.858Z,65c142a2-b84a-5128-a09b-b6ced8ba72ec,,2026-04-26T18:58:55.744Z,Critical,ACTIVE,667326000
35,fff,CVE-2026-4111,,303076,Oracle Linux 9 : libarchive (ELSA-2026-5080),High,3,2026-03-22T19:04:50.756Z,65f2f951-4adb-5394-9055-aa014ff72a59,,2026-04-26T18:58:55.744Z,High,ACTIVE,3086563000
21,fff,CVE-2025-10158,,304633,Oracle Linux 9 : rsync (ELSA-2026-6390),Medium,1.2,2026-04-05T19:06:30.840Z,68da7c13-5124-5ba9-994f-93f3c4eb3f78,,2026-04-26T18:58:55.744Z,Medium,ACTIVE,1876863000
42,fff,"CVE-2024-26655, CVE-2024-36903, CVE-2024-36927, CVE-2024-40928, CVE-2024-46830, CVE-2024-49968, CVE-2025-21979, CVE-2025-22022, CVE-2025-22111, CVE-2025-22119, CVE-2025-22121, CVE-2025-37860, CVE-2025-38007, CVE-2025-38022, CVE-2025-38057, CVE-2025-38129, CVE-2025-38232, CVE-2025-38556, CVE-2025-38591, CVE-2025-40110, CVE-2025-40149, CVE-2025-40164, CVE-2025-40256, CVE-2025-68211, CVE-2025-68254, CVE-2025-68255, CVE-2025-68261, CVE-2025-68264, CVE-2025-68282, CVE-2025-68337, CVE-2025-68346, CVE-2025-68349, CVE-2025-68354, CVE-2025-68362, CVE-2025-68364, CVE-2025-68366, CVE-2025-68367, CVE-2025-68372, CVE-2025-68724, CVE-2025-68725, CVE-2025-68732, CVE-2025-68740, CVE-2025-68746, CVE-2025-68757, CVE-2025-68759, CVE-2025-68764, CVE-2025-68771, CVE-2025-68776, CVE-2025-68780, CVE-2025-68782, CVE-2025-68783, CVE-2025-68785, CVE-2025-68788, CVE-2025-68795, CVE-2025-68803, CVE-2025-68813, CVE-2025-68815, CVE-2025-68816, CVE-2025-68818, CVE-2025-68819, CVE-2025-68820, CVE-2025-71066, CVE-2025-71068, CVE-2025-71075, CVE-2025-71077, CVE-2025-71082, CVE-2025-71083, CVE-2025-71084, CVE-2025-71085, CVE-2025-71087, CVE-2025-71091, CVE-2025-71093, CVE-2025-71094, CVE-2025-71096, CVE-2025-71097, CVE-2025-71098, CVE-2025-71104, CVE-2025-71108, CVE-2025-71111, CVE-2025-71113, CVE-2025-71114, CVE-2025-71116, CVE-2025-71118, CVE-2025-71120, CVE-2025-71125, CVE-2025-71127, CVE-2025-71131, CVE-2025-71132, CVE-2025-71133, CVE-2025-71146, CVE-2025-71147, CVE-2025-71154, CVE-2025-71182, CVE-2025-71190, CVE-2025-71194, CVE-2025-71197, CVE-2026-22976, CVE-2026-22977, CVE-2026-22978, CVE-2026-22980, CVE-2026-22984, CVE-2026-22988, CVE-2026-22990, CVE-2026-22991, CVE-2026-22992, CVE-2026-22997, CVE-2026-22998, CVE-2026-22999, CVE-2026-23001, CVE-2026-23003, CVE-2026-23011, CVE-2026-23020, CVE-2026-23021, CVE-2026-23038, CVE-2026-23047, CVE-2026-23049, CVE-2026-23058, CVE-2026-23060, CVE-2026-23061, CVE-2026-23071, CVE-2026-23073, CVE-2026-23074, CVE-2026-23076, CVE-2026-23084, CVE-2026-23085, CVE-2026-23087, CVE-2026-23089, CVE-2026-23091, CVE-2026-23097, CVE-2026-23099, CVE-2026-23101, CVE-2026-23103, CVE-2026-23105, CVE-2026-23108, CVE-2026-23111, CVE-2026-23119, CVE-2026-23120, CVE-2026-23121, CVE-2026-23124, CVE-2026-23125, CVE-2026-23133, CVE-2026-23139, CVE-2026-23145, CVE-2026-23146, CVE-2026-23164, CVE-2026-23202, CVE-2026-23209",,301901,Oracle Linux 8 / 9 : Unbreakable Enterprise kernel (ELSA-2026-50145),Medium,7.7,2026-03-15T18:47:49.384Z,78f2cbec-bac5-5d49-a5fe-c3420ed3afb2,,2026-04-26T18:58:55.744Z,Medium,ACTIVE,3692385000
9,fff,"CVE-2026-28417, CVE-2026-28421, CVE-2026-33412",,306555,Oracle Linux 9 : vim (ELSA-2026-8259),High,6.9,2026-04-17T20:42:11.483Z,7d24908a-2397-5a4f-897d-28b993bc7c22,,2026-04-26T18:58:55.744Z,High,ACTIVE,834323000
42,fff,"CVE-2025-14831, CVE-2025-9820",,302057,Oracle Linux 9 : gnutls (ELSA-2026-4188),Medium,1.2,2026-03-15T18:47:49.384Z,8db37bc6-3486-51ef-a95c-9b543408d82c,,2026-04-26T18:58:55.744Z,Medium,ACTIVE,3692385000
18,fff,"CVE-2026-2920, CVE-2026-2921, CVE-2026-2922, CVE-2026-2923, CVE-2026-3082, CVE-2026-3083, CVE-2026-3085",,304868,"Oracle Linux 9 : gstreamer1-plugins-bad-free, / gstreamer1-plugins-base, / gstreamer1-plugins-good, / and / gstreamer1-plugins-ugly-free (ELSA-2026-6300)",Critical,4.9,2026-04-08T14:12:44.223Z,98eb2aa9-2eaf-5f84-bd05-a524b3e78fcb,,2026-04-26T18:58:55.744Z,Critical,ACTIVE,1635290000
28,fff,CVE-2026-1642,,303758,Oracle Linux 9 : nginx (ELSA-2026-5599),Medium,3,2026-03-29T18:49:31.997Z,9ba08953-8524-5734-8b73-14be0b25530b,,2026-04-26T18:58:55.744Z,Medium,ACTIVE,2482682000
14,fff,CVE-2026-4519,,305604,Oracle Linux 9 : python3.9 (ELSA-2026-6766),Low,3.2,2026-04-12T18:48:41.792Z,9d5bc0c8-13e3-5631-bac1-526f4c9780a2,,2026-04-26T18:58:55.744Z,Low,ACTIVE,1273132000
35,fff,CVE-2025-61662,,302922,Oracle Linux 9 : grub2 (ELSA-2026-4760),Medium,4.9,2026-03-22T19:04:50.756Z,9f8202d5-81e4-5372-9acb-d7ff2bf9e446,,2026-04-26T18:58:55.744Z,Medium,ACTIVE,3086563000
21,fff,CVE-2026-23401,,304560,Oracle Linux 8 / 9 : Unbreakable Enterprise kernel (ELSA-2026-50171),Medium,3,2026-04-05T19:06:30.840Z,a05cf2bc-0498-5fd5-901c-ab11c2d2c7fd,,2026-04-26T18:58:55.744Z,Medium,ACTIVE,1876863000
7,fff,"CVE-2026-4424, CVE-2026-5121",,307380,Oracle Linux 9 : libarchive (ELSA-2026-8510),Critical,6.9,2026-04-19T19:05:27.858Z,a86813ad-9e5d-5c63-9fce-49984c7929e9,,2026-04-26T18:58:55.744Z,Critical,ACTIVE,667326000
28,fff,CVE-2026-25749,,303498,Oracle Linux 9 : vim (ELSA-2026-5602),Medium,4.3,2026-03-29T18:49:31.997Z,b0962d4c-3b19-593f-966f-6b1845e0af43,,2026-04-26T18:58:55.744Z,Medium,ACTIVE,2482682000
18,fff,CVE-2026-3497,,304941,Oracle Linux 9 : openssh (ELSA-2026-6462),High,5.5,2026-04-08T14:12:44.223Z,b21756da-0daa-56b2-854b-40c446429ea4,,2026-04-26T18:58:55.744Z,High,ACTIVE,1635290000
42,fff,CVE-2026-21991,,302227,Oracle Linux 10 / 9 : dtrace (ELSA-2026-50153),Medium,3,2026-03-15T18:47:49.384Z,b8c18115-81c5-552e-8fee-e2c5b723ca4f,,2026-04-26T18:58:55.744Z,Medium,ACTIVE,3692385000
21,fff,CVE-2023-40403,,304478,Oracle Linux 9 : libxslt (ELSA-2026-6266),High,3,2026-04-05T19:06:30.840Z,e2ef447d-2748-54b6-bc0c-fe2b438cfd58,,2026-04-26T18:58:55.744Z,High,ACTIVE,1876863000
14,fff,"CVE-2026-27651, CVE-2026-27654, CVE-2026-27784, CVE-2026-32647",,305786,Oracle Linux 9 : nginx (ELSA-2026-7002),High,7.6,2026-04-12T18:48:41.792Z,f7d796a2-d066-5b18-a6af-6fce9d3f0338,,2026-04-26T18:58:55.744Z,High,ACTIVE,1273132000
9,ggg,CVE-2026-1519,,306505,Oracle Linux 9 : bind (ELSA-2026-8075),High,3,2026-04-17T21:58:36.852Z,04129b56-96a6-5e4d-a2f2-98f9df9ba53d,,2026-04-25T19:06:08.278Z,High,ACTIVE,829737000
22,ggg,CVE-2023-40403,,304478,Oracle Linux 9 : libxslt (ELSA-2026-6266),High,3,2026-04-04T19:06:25.962Z,145558c1-753a-59e4-aedd-a44fef5d38b4,,2026-04-25T19:06:08.278Z,High,ACTIVE,1963268000
43,ggg,"CVE-2024-26655, CVE-2024-36903, CVE-2024-36927, CVE-2024-40928, CVE-2024-46830, CVE-2024-49968, CVE-2025-21979, CVE-2025-22022, CVE-2025-22111, CVE-2025-22119, CVE-2025-22121, CVE-2025-37860, CVE-2025-38007, CVE-2025-38022, CVE-2025-38057, CVE-2025-38129, CVE-2025-38232, CVE-2025-38556, CVE-2025-38591, CVE-2025-40110, CVE-2025-40149, CVE-2025-40164, CVE-2025-40256, CVE-2025-68211, CVE-2025-68254, CVE-2025-68255, CVE-2025-68261, CVE-2025-68264, CVE-2025-68282, CVE-2025-68337, CVE-2025-68346, CVE-2025-68349, CVE-2025-68354, CVE-2025-68362, CVE-2025-68364, CVE-2025-68366, CVE-2025-68367, CVE-2025-68372, CVE-2025-68724, CVE-2025-68725, CVE-2025-68732, CVE-2025-68740, CVE-2025-68746, CVE-2025-68757, CVE-2025-68759, CVE-2025-68764, CVE-2025-68771, CVE-2025-68776, CVE-2025-68780, CVE-2025-68782, CVE-2025-68783, CVE-2025-68785, CVE-2025-68788, CVE-2025-68795, CVE-2025-68803, CVE-2025-68813, CVE-2025-68815, CVE-2025-68816, CVE-2025-68818, CVE-2025-68819, CVE-2025-68820, CVE-2025-71066, CVE-2025-71068, CVE-2025-71075, CVE-2025-71077, CVE-2025-71082, CVE-2025-71083, CVE-2025-71084, CVE-2025-71085, CVE-2025-71087, CVE-2025-71091, CVE-2025-71093, CVE-2025-71094, CVE-2025-71096, CVE-2025-71097, CVE-2025-71098, CVE-2025-71104, CVE-2025-71108, CVE-2025-71111, CVE-2025-71113, CVE-2025-71114, CVE-2025-71116, CVE-2025-71118, CVE-2025-71120, CVE-2025-71125, CVE-2025-71127, CVE-2025-71131, CVE-2025-71132, CVE-2025-71133, CVE-2025-71146, CVE-2025-71147, CVE-2025-71154, CVE-2025-71182, CVE-2025-71190, CVE-2025-71194, CVE-2025-71197, CVE-2026-22976, CVE-2026-22977, CVE-2026-22978, CVE-2026-22980, CVE-2026-22984, CVE-2026-22988, CVE-2026-22990, CVE-2026-22991, CVE-2026-22992, CVE-2026-22997, CVE-2026-22998, CVE-2026-22999, CVE-2026-23001, CVE-2026-23003, CVE-2026-23011, CVE-2026-23020, CVE-2026-23021, CVE-2026-23038, CVE-2026-23047, CVE-2026-23049, CVE-2026-23058, CVE-2026-23060, CVE-2026-23061, CVE-2026-23071, CVE-2026-23073, CVE-2026-23074, CVE-2026-23076, CVE-2026-23084, CVE-2026-23085, CVE-2026-23087, CVE-2026-23089, CVE-2026-23091, CVE-2026-23097, CVE-2026-23099, CVE-2026-23101, CVE-2026-23103, CVE-2026-23105, CVE-2026-23108, CVE-2026-23111, CVE-2026-23119, CVE-2026-23120, CVE-2026-23121, CVE-2026-23124, CVE-2026-23125, CVE-2026-23133, CVE-2026-23139, CVE-2026-23145, CVE-2026-23146, CVE-2026-23164, CVE-2026-23202, CVE-2026-23209",,301901,Oracle Linux 8 / 9 : Unbreakable Enterprise kernel (ELSA-2026-50145),Medium,7.7,2026-03-14T18:52:21.881Z,1be537a2-2fa2-5b54-ac2e-116140d16d0f,,2026-04-25T19:06:08.278Z,Medium,ACTIVE,3778512000
18,ggg,"CVE-2026-2920, CVE-2026-2921, CVE-2026-2922, CVE-2026-2923, CVE-2026-3082, CVE-2026-3083, CVE-2026-3085",,304868,"Oracle Linux 9 : gstreamer1-plugins-bad-free, / gstreamer1-plugins-base, / gstreamer1-plugins-good, / and / gstreamer1-plugins-ugly-free (ELSA-2026-6300)",Critical,4.9,2026-04-08T15:23:53.587Z,29313a06-39b6-5c59-9150-5f3e19d85f94,,2026-04-25T19:06:08.278Z,Critical,ACTIVE,1631021000
50,ggg,"CVE-2025-40149, CVE-2025-40256",,301018,Oracle Linux 8 / 9 : Unbreakable Enterprise kernel (ELSA-2026-50133),Medium,4.9,2026-03-07T18:37:27.740Z,2d99f8ba-cfed-5a99-b9d8-8d87b91f9b54,,2026-04-25T19:06:08.278Z,Medium,ACTIVE,4384206000
22,ggg,CVE-2026-23401,,304560,Oracle Linux 8 / 9 : Unbreakable Enterprise kernel (ELSA-2026-50171),Medium,3,2026-04-04T19:06:25.962Z,2f83c6fa-5a22-5de9-8781-c36149213d76,,2026-04-25T19:06:08.278Z,Medium,ACTIVE,1963268000
43,ggg,"CVE-2025-14831, CVE-2025-9820",,302057,Oracle Linux 9 : gnutls (ELSA-2026-4188),Medium,1.2,2026-03-14T18:52:21.881Z,67748b84-abf3-5a9d-9ce6-2f4235362a39,,2026-04-25T19:06:08.278Z,Medium,ACTIVE,3778512000
8,ggg,"CVE-2026-4424, CVE-2026-5121",,307380,Oracle Linux 9 : libarchive (ELSA-2026-8510),Critical,6.9,2026-04-18T18:37:36.860Z,8aeb1d0a-0d6f-5bf0-98a5-453124e609eb,,2026-04-25T19:06:08.278Z,Critical,ACTIVE,755397000
46,ggg,"CVE-2025-15366, CVE-2025-15367, CVE-2026-1299",,301733,Oracle Linux 9 : python3.9 (ELSA-2026-4168),High,3.5,2026-03-11T15:22:01.255Z,8e8a11cb-6a5b-5464-a407-9cc87a860839,,2026-04-25T19:06:08.278Z,High,ACTIVE,4050333000
8,ggg,CVE-2026-4631,,307039,Oracle Linux 9 : cockpit: / Unauthenticated / remote / code / execution / due / to / SSH / command-line / argument / injection / (CRITICAL) (ELSA-2026-7384),Critical,6.9,2026-04-18T18:37:36.860Z,9eb0da8b-506e-5a0f-b11b-e763881ef197,,2026-04-25T19:06:08.278Z,Critical,ACTIVE,755397000
18,ggg,CVE-2026-3497,,304941,Oracle Linux 9 : openssh (ELSA-2026-6462),High,5.5,2026-04-08T15:23:53.587Z,a3b06d5b-1061-53a5-9295-ba0ced5fa88f,,2026-04-25T19:06:08.278Z,High,ACTIVE,1631021000
50,ggg,"CVE-2026-22695, CVE-2026-22801, CVE-2026-25646",,300471,Oracle Linux 9 : libpng (ELSA-2026-3405),High,6.9,2026-03-07T18:37:27.740Z,a68b5826-9040-5292-b20f-cc2fdca86093,,2026-04-25T19:06:08.278Z,High,ACTIVE,4384206000
36,ggg,CVE-2026-4111,,303076,Oracle Linux 9 : libarchive (ELSA-2026-5080),High,3,2026-03-21T19:03:47.777Z,a70594a7-31ac-5949-9186-b31a148e8adc,,2026-04-25T19:06:08.278Z,High,ACTIVE,3173026000
22,ggg,CVE-2025-10158,,304633,Oracle Linux 9 : rsync (ELSA-2026-6390),Medium,1.2,2026-04-04T19:06:25.962Z,aaf33a11-ba0c-5ccf-b02e-ec38a6d872d7,,2026-04-25T19:06:08.278Z,Medium,ACTIVE,1963268000
39,ggg,CVE-2026-21991,,302227,Oracle Linux 10 / 9 : dtrace (ELSA-2026-50153),Medium,3,2026-03-18T15:39:49.804Z,af28201f-607a-55d1-a72e-82abb0557089,,2026-04-25T19:06:08.278Z,Medium,ACTIVE,3444464000
36,ggg,CVE-2025-61662,,302922,Oracle Linux 9 : grub2 (ELSA-2026-4760),Medium,4.9,2026-03-21T19:03:47.777Z,b0dc9ef0-5c06-53f5-b701-1e082f94f0a6,,2026-04-25T19:06:08.278Z,Medium,ACTIVE,3173026000
39,ggg,CVE-2026-21991,,302228,Oracle Linux 8 / 9 : dtrace (ELSA-2026-50152),Medium,3,2026-03-18T15:39:49.804Z,b670c6d3-2291-5ddf-88c8-091828acaf1f,,2026-04-25T19:06:08.278Z,Medium,ACTIVE,3444464000
15,ggg,CVE-2026-4519,,305604,Oracle Linux 9 : python3.9 (ELSA-2026-6766),Low,3.2,2026-04-11T18:49:33.727Z,d3be693b-1122-5ceb-a19d-ae3f4328a386,,2026-04-25T19:06:08.278Z,Low,ACTIVE,1359480000
46,ggg,CVE-2025-12801,,301331,Oracle Linux 9 : nfs-utils (ELSA-2026-3940),Medium,3,2026-03-11T15:22:01.255Z,e395a897-6596-5306-a47b-fae4a5510832,,2026-04-25T19:06:08.278Z,Medium,ACTIVE,4050333000
32,ggg,CVE-2026-25749,,303498,Oracle Linux 9 : vim (ELSA-2026-5602),Medium,4.3,2026-03-25T15:56:11.185Z,e7ef4683-3edd-5899-9cc8-773ea2e90c93,,2026-04-25T19:06:08.278Z,Medium,ACTIVE,2838683000
9,ggg,"CVE-2026-28417, CVE-2026-28421, CVE-2026-33412",,306555,Oracle Linux 9 : vim (ELSA-2026-8259),High,6.9,2026-04-17T21:58:36.852Z,ef854c66-65e1-580f-a6c9-ce466b93b1f8,,2026-04-25T19:06:08.278Z,High,ACTIVE,829737000
43,ggg,CVE-2025-69419,,302058,Oracle Linux 9 : compat-openssl11 (ELSA-2026-4472),High,6.3,2026-03-14T18:52:21.881Z,fcce3673-5b4b-560d-b096-75e2266777b0,,2026-04-25T19:06:08.278Z,High,ACTIVE,3778512000
11,ggg,CVE-2026-27135,,306166,Oracle Linux 9 : nghttp2 (ELSA-2026-7668),High,3,2026-04-15T15:42:13.425Z,fd2a8387-7712-5b03-934c-d8b3de18e082,,2026-04-25T19:06:08.278Z,High,ACTIVE,1025121000
28,hhh,CVE-2026-1642,,303758,Oracle Linux 9 : nginx (ELSA-2026-5599),Medium,3,2026-03-29T18:54:17.950Z,038444bb-838a-5dc2-979c-4597689fcd1c,,2026-04-26T19:06:02.127Z,Medium,ACTIVE,2482396000
7,hhh,CVE-2026-4631,,307039,Oracle Linux 9 : cockpit: / Unauthenticated / remote / code / execution / due / to / SSH / command-line / argument / injection / (CRITICAL) (ELSA-2026-7384),Critical,6.9,2026-04-19T18:44:34.864Z,0c2a602b-bd0f-5fc0-a72d-56331f303bc4,,2026-04-26T19:06:02.127Z,Critical,ACTIVE,668579000
18,hhh,"CVE-2026-2920, CVE-2026-2921, CVE-2026-2922, CVE-2026-2923, CVE-2026-3082, CVE-2026-3083, CVE-2026-3085",,304868,"Oracle Linux 9 : gstreamer1-plugins-bad-free, / gstreamer1-plugins-base, / gstreamer1-plugins-good, / and / gstreamer1-plugins-ugly-free (ELSA-2026-6300)",Critical,4.9,2026-04-08T15:20:40.799Z,4621e365-d698-5fcf-ae71-523b5c367083,,2026-04-26T19:06:02.127Z,Critical,ACTIVE,1631213000
21,hhh,CVE-2023-40403,,304478,Oracle Linux 9 : libxslt (ELSA-2026-6266),High,3,2026-04-05T19:05:59.595Z,505de84d-6cd5-56a7-af0d-f698ac4bf153,,2026-04-26T19:06:02.127Z,High,ACTIVE,1876895000
14,hhh,"CVE-2026-27651, CVE-2026-27654, CVE-2026-27784, CVE-2026-32647",,305786,Oracle Linux 9 : nginx (ELSA-2026-7002),High,7.6,2026-04-12T18:56:23.535Z,6a749b1d-7a04-5863-8f49-41a838f5e326,,2026-04-26T19:06:02.127Z,High,ACTIVE,1272671000
11,hhh,CVE-2026-27135,,306166,Oracle Linux 9 : nghttp2 (ELSA-2026-7668),High,3,2026-04-15T15:08:57.004Z,6af5c7f0-1fc6-59be-a9a2-db9ad5c1a113,,2026-04-26T19:06:02.127Z,High,ACTIVE,1027117000
9,hhh,"CVE-2026-28417, CVE-2026-28421, CVE-2026-33412",,306555,Oracle Linux 9 : vim (ELSA-2026-8259),High,6.9,2026-04-17T21:26:22.741Z,97e64747-48da-5cef-b5d5-c418d62aa59b,,2026-04-26T19:06:02.127Z,High,ACTIVE,831671000
35,hhh,CVE-2026-4111,,303076,Oracle Linux 9 : libarchive (ELSA-2026-5080),High,3,2026-03-22T19:07:49.519Z,b8305f73-2f8b-5d72-b936-19c010d66916,,2026-04-26T19:06:02.127Z,High,ACTIVE,3086385000
14,hhh,CVE-2026-4519,,305604,Oracle Linux 9 : python3.9 (ELSA-2026-6766),Low,3.2,2026-04-12T18:56:23.535Z,c4f0ca4c-ed09-53bf-9012-57a433e5e29b,,2026-04-26T19:06:02.127Z,Low,ACTIVE,1272671000
28,hhh,CVE-2026-25749,,303498,Oracle Linux 9 : vim (ELSA-2026-5602),Medium,4.3,2026-03-29T18:54:17.950Z,cc7a4b34-0e51-5290-a88c-7cfeca3fbd95,,2026-04-26T19:06:02.127Z,Medium,ACTIVE,2482396000
21,hhh,CVE-2025-10158,,304633,Oracle Linux 9 : rsync (ELSA-2026-6390),Medium,1.2,2026-04-05T19:05:59.595Z,cee4dbd6-6062-5736-9d76-ba02775ddf56,,2026-04-26T19:06:02.127Z,Medium,ACTIVE,1876895000
7,hhh,"CVE-2026-4424, CVE-2026-5121",,307380,Oracle Linux 9 : libarchive (ELSA-2026-8510),Critical,6.9,2026-04-19T18:44:34.864Z,dc666b2f-54f3-5dff-acf4-c49e057d43f7,,2026-04-26T19:06:02.127Z,Critical,ACTIVE,668579000
21,hhh,CVE-2026-23401,,304560,Oracle Linux 8 / 9 : Unbreakable Enterprise kernel (ELSA-2026-50171),Medium,3,2026-04-05T19:05:59.595Z,ede264d3-a8cf-5d2c-b361-8fac461da33b,,2026-04-26T19:06:02.127Z,Medium,ACTIVE,1876895000
9,hhh,CVE-2026-1519,,306505,Oracle Linux 9 : bind (ELSA-2026-8075),High,3,2026-04-17T21:26:22.741Z,f1106231-dfba-512c-8f2a-8398c5431ebb,,2026-04-26T19:06:02.127Z,High,ACTIVE,831671000
18,hhh,CVE-2026-3497,,304941,Oracle Linux 9 : openssh (ELSA-2026-6462),High,5.5,2026-04-08T15:20:40.799Z,fcba7283-271f-51be-aed7-2d4fc9db4ac1,,2026-04-26T19:06:02.127Z,High,ACTIVE,1631213000
36,iii,"CVE-2026-21936, CVE-2026-21937, CVE-2026-21941, CVE-2026-21948, CVE-2026-21964, CVE-2026-21968",,302897,Oracle Linux 9 : mysql (ELSA-2026-4828),Medium,3,2026-03-21T22:04:06.779Z,058bf8c0-8660-5e16-b5ec-ea516fcdf299,,2026-04-25T22:14:52.848Z,Medium,ACTIVE,3162207000
169,iii,"CVE-2025-53057, CVE-2025-53066, CVE-2025-61748",,272201,OpenJDK 8 <= 8u462 / 11.0.0 <= 11.0.28 / 17.0.0 <= 17.0.16 / 21.0.0 <= 21.0.8 / 25.0.0 <= 25.0.0 Multiple Vulnerabilities (2025-10-21),High,3,2025-11-08T22:24:45.589Z,0a31bce8-9b33-54a6-a1ec-2f91663dda4e,,2026-04-25T22:14:52.848Z,High,ACTIVE,14652169000
417,iii,CVE-2025-21502,,214562,OpenJDK 8 <= 8u432 / 11.0.0 <= 11.0.25 / 17.0.0 <= 17.0.13 / 21.0.0 <= 21.0.5 / 23.0.0 <= 23.0.1 Vulnerability (2025-01-21),Medium,2.1,2025-03-05T14:35:40.156Z,0dc310f6-98e2-53fb-92c2-fa697c103a71,,2026-04-25T22:14:52.848Z,Medium,ACTIVE,36107514000
8,iii,CVE-2026-27135,,306166,Oracle Linux 9 : nghttp2 (ELSA-2026-7668),High,3,2026-04-18T22:20:43.787Z,163665d4-d5b8-5b22-91ec-aa890a2574a3,,2026-04-25T22:14:52.848Z,High,ACTIVE,742010000
106,iii,CVE-2025-45582,,281875,Oracle Linux 9 : tar (ELSA-2026-0067),Medium,4.2,2026-01-10T22:10:43.872Z,16c04ee8-fdea-571a-983b-df9a320c62f3,,2026-04-25T22:14:52.848Z,Medium,ACTIVE,9209810000
92,iii,"CVE-2025-64720, CVE-2025-65018, CVE-2026-21925, CVE-2026-21933, CVE-2026-21945",,294991,Oracle Linux 8 / 9 : java-17-openjdk (ELSA-2026-0927),Medium,4.3,2026-01-24T22:29:10.535Z,1f808934-d141-53f4-a9b4-7842d150025c,,2026-04-25T22:14:52.848Z,Medium,ACTIVE,7999104000
85,iii,"CVE-2026-21925, CVE-2026-21932, CVE-2026-21933, CVE-2026-21945",,296746,OpenJDK 8 <= 8u472 / 11.0.0 <= 11.0.29 / 17.0.0 <= 17.0.17 / 21.0.0 <= 21.0.9 / 25.0.0 <= 25.0.1 Multiple Vulnerabilities (2026-01-20),High,3.3,2026-01-31T22:26:05.886Z,204d1eb1-777e-55fb-b54c-3f0f6208bb18,,2026-04-25T22:14:52.848Z,High,ACTIVE,7394488000
106,iii,CVE-2025-11083,,281827,Oracle Linux 9 : gcc-toolset-14-binutils (ELSA-2026-0052),Medium,4.9,2026-01-10T22:10:43.872Z,22d76412-e312-5eb5-9efb-9ad056e72d7b,,2026-04-25T22:14:52.848Z,Medium,ACTIVE,9209810000
64,iii,"CVE-2025-15281, CVE-2026-0861, CVE-2026-0915",,299379,Oracle Linux 9 : glibc (ELSA-2026-2786),High,6.9,2026-02-21T22:24:20.213Z,2d1ab9de-f5a5-54f6-9438-939b90f25a06,,2026-04-25T22:14:52.848Z,High,ACTIVE,5580194000
211,iii,"CVE-2025-21574, CVE-2025-21575, CVE-2025-21577, CVE-2025-21579, CVE-2025-21580, CVE-2025-21581, CVE-2025-21584, CVE-2025-21585, CVE-2025-30681, CVE-2025-30682, CVE-2025-30683, CVE-2025-30684, CVE-2025-30685, CVE-2025-30687, CVE-2025-30688, CVE-2025-30689, CVE-2025-30693, CVE-2025-30695, CVE-2025-30696, CVE-2025-30699, CVE-2025-30703, CVE-2025-30704, CVE-2025-30705, CVE-2025-30715, CVE-2025-30721, CVE-2025-30722, CVE-2025-50077, CVE-2025-50078, CVE-2025-50079, CVE-2025-50080, CVE-2025-50081, CVE-2025-50082, CVE-2025-50083, CVE-2025-50084, CVE-2025-50085, CVE-2025-50086, CVE-2025-50087, CVE-2025-50088, CVE-2025-50091, CVE-2025-50092, CVE-2025-50093, CVE-2025-50094, CVE-2025-50096, CVE-2025-50097, CVE-2025-50098, CVE-2025-50099, CVE-2025-50100, CVE-2025-50101, CVE-2025-50102, CVE-2025-50104, CVE-2025-53023",,265744,Oracle Linux 9 : mysql (ELSA-2025-16086),Medium,4.3,2025-09-27T22:33:29.085Z,32311274-705d-5f59-9d29-4184a04beb34,,2026-04-25T22:14:52.848Z,Medium,ACTIVE,18280445000
8,iii,CVE-2026-34480,,306549,Apache Log4j 2.0-alpha1 < 2.25.4 XmlLayout Invalid XML Output (CVE-2026-34480),Medium,5,2026-04-18T22:20:43.787Z,36390b59-9959-5281-9921-5633d37a51fc,,2026-04-25T22:14:52.848Z,Medium,ACTIVE,742010000
372,iii,"CVE-2025-21587, CVE-2025-30691, CVE-2025-30698",,234472,OpenJDK 8 <= 8u442 / 11.0.0 <= 11.0.26 / 17.0.0 <= 17.0.14 / 21.0.0 <= 21.0.6 / 24.0.0 <= 24.0.0 Multiple Vulnerabilities (2025-04-15),High,4.3,2025-04-19T22:14:06.787Z,3ab83bd6-a845-56b8-a9d1-c41778ed8d30,,2026-04-25T22:14:52.848Z,High,ACTIVE,32192007000
50,iii,"CVE-2025-40149, CVE-2025-40256",,301018,Oracle Linux 8 / 9 : Unbreakable Enterprise kernel (ELSA-2026-50133),Medium,4.9,2026-03-07T22:36:11.482Z,4094beeb-f7c4-512f-b067-7f73d14cadf2,,2026-04-25T22:14:52.848Z,Medium,ACTIVE,4369883000
85,iii,CVE-2025-12084,,297098,Oracle Linux 9 : python3.9 (ELSA-2026-1478),Medium,3.2,2026-01-31T22:26:05.886Z,48d87287-137e-587b-be2e-3aec0eb9a458,,2026-04-25T22:14:52.848Z,Medium,ACTIVE,7394488000
78,iii,CVE-2025-14104,,297991,Oracle Linux 9 : util-linux (ELSA-2026-1913),Medium,3.5,2026-02-07T22:11:14.878Z,4a76a5d1-9149-5bfa-a3b1-15a1cdc3142e,,2026-04-25T22:14:52.848Z,Medium,ACTIVE,6790579000
15,iii,CVE-2026-4519,,305604,Oracle Linux 9 : python3.9 (ELSA-2026-6766),Low,3.2,2026-04-11T22:32:10.465Z,4fa89f41-930d-5752-90af-550d601778bc,,2026-04-25T22:14:52.848Z,Low,ACTIVE,1346124000
43,iii,"CVE-2024-26655, CVE-2024-36903, CVE-2024-36927, CVE-2024-40928, CVE-2024-46830, CVE-2024-49968, CVE-2025-21979, CVE-2025-22022, CVE-2025-22111, CVE-2025-22119, CVE-2025-22121, CVE-2025-37860, CVE-2025-38007, CVE-2025-38022, CVE-2025-38057, CVE-2025-38129, CVE-2025-38232, CVE-2025-38556, CVE-2025-38591, CVE-2025-40110, CVE-2025-40149, CVE-2025-40164, CVE-2025-40256, CVE-2025-68211, CVE-2025-68254, CVE-2025-68255, CVE-2025-68261, CVE-2025-68264, CVE-2025-68282, CVE-2025-68337, CVE-2025-68346, CVE-2025-68349, CVE-2025-68354, CVE-2025-68362, CVE-2025-68364, CVE-2025-68366, CVE-2025-68367, CVE-2025-68372, CVE-2025-68724, CVE-2025-68725, CVE-2025-68732, CVE-2025-68740, CVE-2025-68746, CVE-2025-68757, CVE-2025-68759, CVE-2025-68764, CVE-2025-68771, CVE-2025-68776, CVE-2025-68780, CVE-2025-68782, CVE-2025-68783, CVE-2025-68785, CVE-2025-68788, CVE-2025-68795, CVE-2025-68803, CVE-2025-68813, CVE-2025-68815, CVE-2025-68816, CVE-2025-68818, CVE-2025-68819, CVE-2025-68820, CVE-2025-71066, CVE-2025-71068, CVE-2025-71075, CVE-2025-71077, CVE-2025-71082, CVE-2025-71083, CVE-2025-71084, CVE-2025-71085, CVE-2025-71087, CVE-2025-71091, CVE-2025-71093, CVE-2025-71094, CVE-2025-71096, CVE-2025-71097, CVE-2025-71098, CVE-2025-71104, CVE-2025-71108, CVE-2025-71111, CVE-2025-71113, CVE-2025-71114, CVE-2025-71116, CVE-2025-71118, CVE-2025-71120, CVE-2025-71125, CVE-2025-71127, CVE-2025-71131, CVE-2025-71132, CVE-2025-71133, CVE-2025-71146, CVE-2025-71147, CVE-2025-71154, CVE-2025-71182, CVE-2025-71190, CVE-2025-71194, CVE-2025-71197, CVE-2026-22976, CVE-2026-22977, CVE-2026-22978, CVE-2026-22980, CVE-2026-22984, CVE-2026-22988, CVE-2026-22990, CVE-2026-22991, CVE-2026-22992, CVE-2026-22997, CVE-2026-22998, CVE-2026-22999, CVE-2026-23001, CVE-2026-23003, CVE-2026-23011, CVE-2026-23020, CVE-2026-23021, CVE-2026-23038, CVE-2026-23047, CVE-2026-23049, CVE-2026-23058, CVE-2026-23060, CVE-2026-23061, CVE-2026-23071, CVE-2026-23073, CVE-2026-23074, CVE-2026-23076, CVE-2026-23084, CVE-2026-23085, CVE-2026-23087, CVE-2026-23089, CVE-2026-23091, CVE-2026-23097, CVE-2026-23099, CVE-2026-23101, CVE-2026-23103, CVE-2026-23105, CVE-2026-23108, CVE-2026-23111, CVE-2026-23119, CVE-2026-23120, CVE-2026-23121, CVE-2026-23124, CVE-2026-23125, CVE-2026-23133, CVE-2026-23139, CVE-2026-23145, CVE-2026-23146, CVE-2026-23164, CVE-2026-23202, CVE-2026-23209",,301901,Oracle Linux 8 / 9 : Unbreakable Enterprise kernel (ELSA-2026-50145),Medium,7.7,2026-03-14T22:24:18.132Z,506b5c76-ca18-5ae0-8224-e6029ef806b0,,2026-04-25T22:14:52.848Z,Medium,ACTIVE,3765796000
99,iii,"CVE-2025-38085, CVE-2025-38678, CVE-2025-39810, CVE-2025-40248, CVE-2025-40250, CVE-2025-40271, CVE-2025-40280",,283569,Oracle Linux 8 / 9 : Unbreakable Enterprise kernel (ELSA-2026-50007),Medium,6.9,2026-01-17T22:19:01.435Z,516acb61-cc72-51b9-af07-b663ee966088,,2026-04-25T22:14:52.848Z,Medium,ACTIVE,8604513000
99,iii,CVE-2025-68973,,288036,Oracle Linux 9 : gnupg2 (ELSA-2026-0719),Medium,4.9,2026-01-17T22:19:01.435Z,524344a7-84d1-5b56-9981-7500c05e1644,,2026-04-25T22:14:52.848Z,Medium,ACTIVE,8604513000
8,iii,CVE-2026-34477,,306550,Apache Log4j 2.12.0 < 2.25.4 SSL Hostname Verification Bypass (CVE-2026-34477),Medium,2.1,2026-04-18T22:20:43.787Z,5c4ca93e-86e9-5f0c-8416-094ab2226f1f,,2026-04-25T22:14:52.848Z,Medium,ACTIVE,742010000
36,iii,CVE-2025-61662,,302922,Oracle Linux 9 : grub2 (ELSA-2026-4760),Medium,4.9,2026-03-21T22:04:06.779Z,62add843-d6fa-5bd4-9672-c274ef3cd29c,,2026-04-25T22:14:52.848Z,Medium,ACTIVE,3162207000
417,iii,CVE-2021-4104,,156103,Apache Log4j 1.2 JMSAppender Remote Code Execution (CVE-2021-4104),Medium,7.6,2025-03-05T14:35:40.156Z,68e09026-3774-55ef-a05f-4e205d4396da,,2026-04-25T22:14:52.848Z,Medium,ACTIVE,36107514000
43,iii,CVE-2026-21991,,302228,Oracle Linux 8 / 9 : dtrace (ELSA-2026-50152),Medium,3,2026-03-14T22:24:18.132Z,6989fdaa-47ab-5bce-bd11-cee0b99a6c68,,2026-04-25T22:14:52.848Z,Medium,ACTIVE,3765796000
85,iii,"CVE-2025-11187, CVE-2025-15467, CVE-2025-15468, CVE-2025-15469, CVE-2025-66199, CVE-2025-68160, CVE-2025-69418, CVE-2025-69419, CVE-2025-69420, CVE-2025-69421, CVE-2026-22795, CVE-2026-22796",,297106,Oracle Linux 9 : openssl (ELSA-2026-1473),Critical,7.9,2026-01-31T22:26:05.886Z,71d0b96a-db82-55d1-b51a-25321f60af3b,,2026-04-25T22:14:52.848Z,Critical,ACTIVE,7394488000
43,iii,"CVE-2025-14831, CVE-2025-9820",,302057,Oracle Linux 9 : gnutls (ELSA-2026-4188),Medium,1.2,2026-03-14T22:24:18.132Z,74538184-904d-5f76-938a-190e536d511b,,2026-04-25T22:14:52.848Z,Medium,ACTIVE,3765796000
78,iii,CVE-2025-6176,,298067,Oracle Linux 9 : brotli (ELSA-2026-2042),High,3,2026-02-07T22:11:14.878Z,7fd5fc5b-e46f-59d4-ae96-8ddb129f9307,,2026-04-25T22:14:52.848Z,High,ACTIVE,6790579000
417,iii,"CVE-2019-17571, CVE-2020-9488, CVE-2022-23302, CVE-2022-23305, CVE-2022-23307, CVE-2023-26464",,156860,Apache Log4j 1.x Multiple Vulnerabilities,High,6.9,2025-03-05T14:35:40.156Z,80ba1628-1175-5beb-afa1-18daca453c73,,2026-04-25T22:14:52.848Z,High,ACTIVE,36107514000
417,iii,"CVE-2024-21131, CVE-2024-21138, CVE-2024-21140, CVE-2024-21144, CVE-2024-21145, CVE-2024-21147",,208193,OpenJDK 8 <= 8u412 / 11.0.0 <= 11.0.23 / 17.0.0 <= 17.0.11 / 21.0.0 <= 21.0.3 / 22.0.0 <= 22.0.1 Multiple Vulnerabilities (2024-07-16),High,4.3,2025-03-05T14:35:40.156Z,80de9559-c066-51e7-90ae-ba1b272e92c3,,2026-04-25T22:14:52.848Z,High,ACTIVE,36107514000
417,iii,,,182252,Apache Log4j SEoL (<= 1.x),Critical,,2025-03-05T14:35:40.156Z,81a77e9b-5393-5578-a3a1-ddebda02bf7d,,2026-04-25T22:14:52.848Z,Critical,ACTIVE,36107514000
106,iii,"CVE-2025-58436, CVE-2025-61915",,282482,Oracle Linux 9 : cups (ELSA-2026-0312),Medium,4.9,2026-01-10T22:10:43.872Z,8b8b144b-9a63-5c46-ae35-209a64922be3,,2026-04-25T22:14:52.848Z,Medium,ACTIVE,9209810000
106,iii,"CVE-2025-64720, CVE-2025-65018, CVE-2025-66293",,282349,Oracle Linux 9 : libpng (ELSA-2026-0238),High,4.3,2026-01-10T22:10:43.872Z,8d42d4b0-2e40-5f5c-8391-3013bda615cb,,2026-04-25T22:14:52.848Z,High,ACTIVE,9209810000
22,iii,CVE-2026-23401,,304560,Oracle Linux 8 / 9 : Unbreakable Enterprise kernel (ELSA-2026-50171),Medium,3,2026-04-04T22:08:21.042Z,9311e9e8-bcf5-571f-b639-35dabacb8056,,2026-04-25T22:14:52.848Z,Medium,ACTIVE,1952353000
22,iii,CVE-2023-40403,,304478,Oracle Linux 9 : libxslt (ELSA-2026-6266),High,3,2026-04-04T22:08:21.042Z,93609bf9-2856-5325-8e57-00151baa79df,,2026-04-25T22:14:52.848Z,High,ACTIVE,1952353000
29,iii,CVE-2026-25749,,303498,Oracle Linux 9 : vim (ELSA-2026-5602),Medium,4.3,2026-03-28T23:00:09.605Z,9bfdedd5-fa1d-53bd-a7cc-c1b2eae9e884,,2026-04-25T22:14:52.848Z,Medium,ACTIVE,2554045000
50,iii,CVE-2025-61726,,301057,Oracle Linux 9 : go-rpm-macros (ELSA-2026-3668),High,5,2026-03-07T22:36:11.482Z,9e352330-38a2-5ea4-abfd-de9adbc28ffd,,2026-04-25T22:14:52.848Z,High,ACTIVE,4369883000
106,iii,CVE-2025-32365,,281903,Oracle Linux 9 : poppler (ELSA-2026-0126),Medium,4.3,2026-01-10T22:10:43.872Z,a0368f0d-5191-5be9-a3ac-47b87f350123,,2026-04-25T22:14:52.848Z,Medium,ACTIVE,9209810000
85,iii,CVE-2025-9086,,296920,Oracle Linux 9 : curl (ELSA-2026-1350),High,5,2026-01-31T22:26:05.886Z,a0d5fe7e-083a-5204-908b-2060c331c924,,2026-04-25T22:14:52.848Z,High,ACTIVE,7394488000
274,iii,"CVE-2025-30749, CVE-2025-30754, CVE-2025-30761, CVE-2025-50059, CVE-2025-50106",,242441,OpenJDK 8 <= 8u452 / 11.0.0 <= 11.0.27 / 17.0.0 <= 17.0.15 / 21.0.0 <= 21.0.7 / 24.0.0 <= 24.0.1 Multiple Vulnerabilities (2025-07-15),High,7.6,2025-07-26T22:34:15.100Z,a7a77611-8787-5497-a9e5-902bcddf96e2,,2026-04-25T22:14:52.848Z,High,ACTIVE,23723599000
71,iii,"CVE-2026-0719, CVE-2026-1761",,298409,Oracle Linux 9 : libsoup (ELSA-2026-2216),High,3.9,2026-02-14T22:05:52.696Z,a84d4e55-973c-5a7a-be2b-ed00aa0fbf1d,,2026-04-25T22:14:52.848Z,High,ACTIVE,6186102000
85,iii,"CVE-2025-66418, CVE-2025-66471, CVE-2026-21441",,296668,Oracle Linux 9 : python-urllib3 (ELSA-2026-1087),High,5.7,2026-01-31T22:26:05.886Z,ac831e11-62ae-5443-92ba-39dcaf08b9d1,,2026-04-25T22:14:52.848Z,High,ACTIVE,7394488000
99,iii,CVE-2025-14523,,282590,Oracle Linux 9 : libsoup (ELSA-2026-0422),High,3.5,2026-01-17T22:19:01.435Z,aefd3636-e2fd-5bab-90e8-7906d1ec8e74,,2026-04-25T22:14:52.848Z,High,ACTIVE,8604513000
99,iii,CVE-2025-68615,,286283,Oracle Linux 9 : net-snmp (ELSA-2026-0696),Critical,7.6,2026-01-17T22:19:01.435Z,b2a31255-f056-59b2-adb0-3ada7153ba4b,,2026-04-25T22:14:52.848Z,Critical,ACTIVE,8604513000
417,iii,"CVE-2024-21208, CVE-2024-21210, CVE-2024-21217, CVE-2024-21235",,209225,OpenJDK 8 <= 8u422 / 11.0.0 <= 11.0.24 / 17.0.0 <= 17.0.12 / 21.0.0 <= 21.0.4 / 23.0.0 <= 23.0.0 Multiple Vulnerabilities (2024-10-15),Medium,2.1,2025-03-05T14:35:40.156Z,b403e3db-5a9e-5faa-8672-7f523634e673,,2026-04-25T22:14:52.848Z,Medium,ACTIVE,36107514000
8,iii,"CVE-2026-28417, CVE-2026-28421, CVE-2026-33412",,306555,Oracle Linux 9 : vim (ELSA-2026-8259),High,6.9,2026-04-18T22:20:43.787Z,b413de48-b540-54cc-8877-ee8b49e77026,,2026-04-25T22:14:52.848Z,High,ACTIVE,742010000
50,iii,CVE-2025-12801,,301331,Oracle Linux 9 : nfs-utils (ELSA-2026-3940),Medium,3,2026-03-07T22:36:11.482Z,b4271c3b-9c47-5dac-a64f-7ab3fe6f4bee,,2026-04-25T22:14:52.848Z,Medium,ACTIVE,4369883000
417,iii,"CVE-2024-11053, CVE-2024-21193, CVE-2024-21194, CVE-2024-21196, CVE-2024-21197, CVE-2024-21198, CVE-2024-21199, CVE-2024-21201, CVE-2024-21203, CVE-2024-21212, CVE-2024-21213, CVE-2024-21218, CVE-2024-21219, CVE-2024-21230, CVE-2024-21231, CVE-2024-21236, CVE-2024-21237, CVE-2024-21238, CVE-2024-21239, CVE-2024-21241, CVE-2024-21247, CVE-2024-37371, CVE-2024-5535, CVE-2024-7264, CVE-2025-21490, CVE-2025-21491, CVE-2025-21494, CVE-2025-21497, CVE-2025-21500, CVE-2025-21501, CVE-2025-21503, CVE-2025-21504, CVE-2025-21505, CVE-2025-21518, CVE-2025-21519, CVE-2025-21520, CVE-2025-21521, CVE-2025-21522, CVE-2025-21523, CVE-2025-21525, CVE-2025-21529, CVE-2025-21531, CVE-2025-21534, CVE-2025-21536, CVE-2025-21540, CVE-2025-21543, CVE-2025-21546, CVE-2025-21555, CVE-2025-21559",,216613,Oracle Linux 9 : mysql (ELSA-2025-1671),High,7.1,2025-03-05T14:35:40.156Z,b61d688e-1b9f-59d8-8b06-d147ebb5a4e5,,2026-04-25T22:14:52.848Z,High,ACTIVE,36107514000
15,iii,CVE-2026-3497,,304941,Oracle Linux 9 : openssh (ELSA-2026-6462),High,5.5,2026-04-11T22:32:10.465Z,b7753168-ff20-5cd9-a536-cf1f8cce10e5,,2026-04-25T22:14:52.848Z,High,ACTIVE,1346124000
50,iii,"CVE-2026-22695, CVE-2026-22801, CVE-2026-25646",,300471,Oracle Linux 9 : libpng (ELSA-2026-3405),High,6.9,2026-03-07T22:36:11.482Z,b9504981-e434-5639-a915-5855452a431d,,2026-04-25T22:14:52.848Z,High,ACTIVE,4369883000
43,iii,"CVE-2025-15366, CVE-2025-15367, CVE-2026-1299",,301733,Oracle Linux 9 : python3.9 (ELSA-2026-4168),High,3.5,2026-03-14T22:24:18.132Z,bae46da2-ebd4-5ca4-9ad1-3f13bf351e64,,2026-04-25T22:14:52.848Z,High,ACTIVE,3765796000
8,iii,CVE-2026-1519,,306505,Oracle Linux 9 : bind (ELSA-2026-8075),High,3,2026-04-18T22:20:43.787Z,c844834b-5bf4-5b21-9106-c6a89a0ec22d,,2026-04-25T22:14:52.848Z,High,ACTIVE,742010000
29,iii,CVE-2026-1642,,303758,Oracle Linux 9 : nginx (ELSA-2026-5599),Medium,3,2026-03-28T23:00:09.605Z,c9ad6fcd-96f1-5b00-84b8-9aa5cc3c6b18,,2026-04-25T22:14:52.848Z,Medium,ACTIVE,2554045000
78,iii,"CVE-2025-38566, CVE-2025-38571, CVE-2025-40215, CVE-2025-40258, CVE-2025-68209",,298258,Oracle Linux 8 / 9 : Unbreakable Enterprise kernel (ELSA-2026-50095),High,4.9,2026-02-07T22:11:14.878Z,ccd67f83-46fc-56ee-bc56-8924ad5caddf,,2026-04-25T22:14:52.848Z,High,ACTIVE,6790579000
106,iii,CVE-2025-68161,,282519,Apache Log4j 2.0-beta9 < 2.25.3 MitM,Medium,2.1,2026-01-10T22:10:43.872Z,cf04c06a-9229-53eb-8021-9a6682a4d1c0,,2026-04-25T22:14:52.848Z,Medium,ACTIVE,9209810000
22,iii,CVE-2025-10158,,304633,Oracle Linux 9 : rsync (ELSA-2026-6390),Medium,1.2,2026-04-04T22:08:21.042Z,d0af81a2-dc2f-535f-b258-51900e14f57d,,2026-04-25T22:14:52.848Z,Medium,ACTIVE,1952353000
64,iii,"CVE-2018-1000204, CVE-2024-37354, CVE-2024-47666, CVE-2025-21888, CVE-2025-38239, CVE-2025-38566, CVE-2025-38571, CVE-2025-40034, CVE-2025-40040, CVE-2025-40083, CVE-2025-40211, CVE-2025-40215, CVE-2025-40248, CVE-2025-40252, CVE-2025-40254, CVE-2025-40257, CVE-2025-40258, CVE-2025-40259, CVE-2025-40261, CVE-2025-40263, CVE-2025-40264, CVE-2025-40269, CVE-2025-40271, CVE-2025-40272, CVE-2025-40273, CVE-2025-40275, CVE-2025-40277, CVE-2025-40279, CVE-2025-40280, CVE-2025-40281, CVE-2025-40283, CVE-2025-40304, CVE-2025-40308, CVE-2025-40309, CVE-2025-40319, CVE-2025-40321, CVE-2025-40322, CVE-2025-40324, CVE-2025-40331, CVE-2025-40342, CVE-2025-40343, CVE-2025-40345, CVE-2025-40360, CVE-2025-40363, CVE-2025-68185, CVE-2025-68191, CVE-2025-68192, CVE-2025-68194, CVE-2025-68200, CVE-2025-68209, CVE-2025-68227, CVE-2025-68229, CVE-2025-68241, CVE-2025-68244, CVE-2025-68245, CVE-2025-68284, CVE-2025-68285, CVE-2025-68286, CVE-2025-68287, CVE-2025-68288, CVE-2025-68289, CVE-2025-68295, CVE-2025-68301, CVE-2025-68308, CVE-2025-68312, CVE-2025-68321, CVE-2025-68325, CVE-2025-68327, CVE-2025-68330, CVE-2025-68331, CVE-2025-68734, CVE-2025-68821",,299303,Oracle Linux 8 / 9 : Unbreakable Enterprise kernel (ELSA-2026-50113),Medium,7.6,2026-02-21T22:24:20.213Z,d2be5451-5119-5875-97a2-b42acf46f808,,2026-04-25T22:14:52.848Z,Medium,ACTIVE,5580194000
85,iii,CVE-2025-54349,,297208,Oracle Linux 9 : iperf3 (ELSA-2026-1595),Critical,5,2026-01-31T22:26:05.886Z,d67eb84b-4e72-5147-b6a3-5c0b6dcb5da9,,2026-04-25T22:14:52.848Z,Critical,ACTIVE,7394488000
8,iii,"CVE-2006-10002, CVE-2006-10003",,306251,Oracle Linux 9 : perl-XML-Parser (ELSA-2026-7679),Critical,5.7,2026-04-18T22:20:43.787Z,da6c1a55-1043-5b2c-9649-b6d705ab633a,,2026-04-25T22:14:52.848Z,Critical,ACTIVE,742010000
15,iii,"CVE-2026-2920, CVE-2026-2921, CVE-2026-2922, CVE-2026-2923, CVE-2026-3082, CVE-2026-3083, CVE-2026-3085",,304868,"Oracle Linux 9 : gstreamer1-plugins-bad-free, / gstreamer1-plugins-base, / gstreamer1-plugins-good, / and / gstreamer1-plugins-ugly-free (ELSA-2026-6300)",Critical,4.9,2026-04-11T22:32:10.465Z,e21d256b-393b-5c7f-bc71-41287dcaa826,,2026-04-25T22:14:52.848Z,Critical,ACTIVE,1346124000
127,iii,"CVE-2025-53040, CVE-2025-53042, CVE-2025-53044, CVE-2025-53045, CVE-2025-53053, CVE-2025-53054, CVE-2025-53062, CVE-2025-53069",,278601,Oracle Linux 9 : mysql (ELSA-2025-23109),Medium,3.5,2025-12-20T22:13:31.877Z,e6ba83a0-1fcd-57b5-bce4-c075ff8e99b5,,2026-04-25T22:14:52.848Z,Medium,ACTIVE,11024042000
15,iii,"CVE-2026-27651, CVE-2026-27654, CVE-2026-27784, CVE-2026-32647",,305786,Oracle Linux 9 : nginx (ELSA-2026-7002),High,7.6,2026-04-11T22:32:10.465Z,eacf4447-1958-597b-949f-ce7b249146cd,,2026-04-25T22:14:52.848Z,High,ACTIVE,1346124000
36,iii,CVE-2026-4111,,303076,Oracle Linux 9 : libarchive (ELSA-2026-5080),High,3,2026-03-21T22:04:06.779Z,fcbf2d0a-87c0-5d44-92a4-8862e5c2915f,,2026-04-25T22:14:52.848Z,High,ACTIVE,3162207000
43,iii,CVE-2026-21991,,302227,Oracle Linux 10 / 9 : dtrace (ELSA-2026-50153),Medium,3,2026-03-14T22:24:18.132Z,fd695770-9e27-5694-bdd0-3b12c995f1c6,,2026-04-25T22:14:52.848Z,Medium,ACTIVE,3765796000
